"Data";"Hora (UTC)";"Temp. [Hora] (C)";"Umi. (%)";"Pressao (hPa)";"Vel. Vento (m/s)";"Dir. Vento (m/s)";"Nebulosidade (Decimos)";"Insolacao (h)";"Temp. Max. [Diaria] (h)";"Temp. Min. [Diaria] (h)";"Chuva [Diaria] (mm)"
"01/01/2023";"0000";"28,6";"87,0";"979,8";"0,0";"0,0";"0,0";"10,20";"34,1";"";""
"01/01/2023";"1200";"28,2";"79,0";"983,5";"1,0";"50,0";"2,0";"";"";"22,5";"0,0"
"01/01/2023";"1800";"33,4";"52,0";"978,6";"1,0";"50,0";"2,0";"";"";"";""
"02/01/2023";"0000";"28,8";"74,0";"979,6";"0,0";"0,0";"0,0";"10,80";"34,1";"";""
"02/01/2023";"1200";"27,2";"78,0";"982,3";"1,0";"50,0";"2,0";"";"";"22,1";"0,0"
"02/01/2023";"1800";"33,8";"57,0";"978,4";"1,0";"50,0";"4,0";"";"";"";""
"03/01/2023";"0000";"28,0";"76,0";"978,6";"0,0";"0,0";"0,0";"6,70";"31,1";"";""
"03/01/2023";"1200";"26,4";"81,0";"983,1";"1,0";"50,0";"0,0";"";"";"22,1";"0,0"
"03/01/2023";"1800";"26,2";"85,0";"980,1";"1,0";"230,0";"7,0";"";"";"";""
"04/01/2023";"0000";"25,8";"95,0";"981,5";"0,0";"0,0";"5,0";"9,10";"34,7";"";""
"04/01/2023";"1200";"27,2";"83,0";"983,6";"1,0";"50,0";"0,0";"";"";"21,1";"7,4"
"04/01/2023";"1800";"33,0";"61,0";"980,0";"1,0";"140,0";"4,0";"";"";"";""
"05/01/2023";"0000";"28,0";"90,0";"980,1";"0,0";"0,0";"10,0";"2,10";"30,1";"";""
"05/01/2023";"1200";"26,8";"83,0";"983,3";"1,0";"50,0";"10,0";"";"";"23,3";"0,0"
"05/01/2023";"1800";"";"57,0";"980,2";"1,0";"50,0";"7,0";"";"";"";""
"06/01/2023";"0000";"22,6";"94,0";"983,4";"1,0";"50,0";"10,0";"3,30";"32,3";"";""
"06/01/2023";"1200";"24,8";"87,0";"984,5";"1,0";"50,0";"10,0";"";"";"21,1";"8,6"
"06/01/2023";"1800";"31,2";"66,0";"981,0";"1,0";"230,0";"10,0";"";"";"";""
"07/01/2023";"0000";"25,6";"86,0";"982,3";"0,0";"0,0";"10,0";"3,00";"32,1";"";""
"07/01/2023";"1200";"26,0";"85,0";"984,1";"1,0";"320,0";"10,0";"";"";"22,1";"3,8"
"07/01/2023";"1800";"30,0";"67,0";"981,7";"1,0";"140,0";"10,0";"";"";"";""
"08/01/2023";"0000";"26,2";"92,0";"982,3";"0,0";"0,0";"10,0";"6,50";"33,9";"";""
"08/01/2023";"1200";"26,0";"85,0";"984,4";"1,0";"50,0";"10,0";"";"";"21,3";"0,0"
"08/01/2023";"1800";"33,0";"63,0";"981,6";"1,0";"320,0";"4,0";"";"";"";""
"09/01/2023";"0000";"27,6";"89,0";"982,0";"0,0";"0,0";"2,0";"2,10";"30,1";"";""
"09/01/2023";"1200";"24,0";"91,0";"984,5";"1,0";"50,0";"10,0";"";"";"22,1";"0,0"
"09/01/2023";"1800";"25,0";"87,0";"982,0";"1,0";"140,0";"10,0";"";"";"";""
"10/01/2023";"0000";"25,4";"89,0";"981,3";"0,0";"0,0";"0,0";"4,00";"34,1";"";""
"10/01/2023";"1200";"25,0";"90,0";"984,4";"1,0";"50,0";"10,0";"";"";"21,1";"2,0"
"10/01/2023";"1800";"33,0";"56,0";"981,5";"1,0";"140,0";"7,0";"";"";"";""
"11/01/2023";"0000";"26,0";"85,0";"981,3";"0,0";"0,0";"0,0";"5,60";"34,1";"";""
"11/01/2023";"1200";"24,4";"91,0";"985,6";"1,0";"50,0";"10,0";"";"";"22,1";"0,2"
"11/01/2023";"1800";"32,2";"64,0";"982,0";"1,0";"140,0";"5,0";"";"";"";""
"12/01/2023";"0000";"27,0";"85,0";"981,9";"0,0";"0,0";"0,0";"5,20";"34,9";"";""
"12/01/2023";"1200";"26,6";"84,0";"983,6";"1,0";"50,0";"10,0";"";"";"22,1";"0,2"
"12/01/2023";"1800";"34,2";"61,0";"979,8";"1,0";"230,0";"5,0";"";"";"";""
"13/01/2023";"0000";"27,0";"87,0";"980,1";"0,0";"0,0";"0,0";"4,40";"32,4";"";""
"13/01/2023";"1200";"25,6";"78,0";"982,2";"1,0";"320,0";"5,0";"";"";"21,9";"0,0"
"13/01/2023";"1800";"31,6";"67,0";"979,0";"1,0";"320,0";"10,0";"";"";"";""
"14/01/2023";"0000";"27,8";"80,0";"979,7";"0,0";"0,0";"5,0";"2,40";"30,3";"";""
"14/01/2023";"1200";"26,0";"84,0";"983,6";"1,0";"50,0";"4,0";"";"";"22,1";"0,0"
"14/01/2023";"1800";"28,0";"71,0";"981,3";"1,0";"50,0";"10,0";"";"";"";""
"15/01/2023";"0000";"26,2";"89,0";"981,3";"0,0";"0,0";"0,0";"6,20";"33,3";"";""
"15/01/2023";"1200";"26,4";"81,0";"983,0";"1,0";"230,0";"2,0";"";"";"21,7";"1,0"
"15/01/2023";"1800";"32,0";"67,0";"981,8";"1,0";"140,0";"4,0";"";"";"";""
"16/01/2023";"0000";"24,0";"98,0";"980,2";"0,0";"0,0";"0,0";"6,90";"32,1";"";""
"16/01/2023";"1200";"23,8";"87,0";"982,6";"1,0";"230,0";"5,0";"";"";"21,1";"3,8"
"16/01/2023";"1800";"30,0";"71,0";"980,3";"1,0";"50,0";"6,0";"";"";"";""
"17/01/2023";"0000";"27,4";"75,0";"980,4";"0,0";"0,0";"0,0";"5,10";"31,7";"";""
"17/01/2023";"1200";"24,0";"90,0";"984,0";"1,0";"140,0";"6,0";"";"";"21,1";"0,0"
"17/01/2023";"1800";"31,2";"56,0";"981,5";"1,0";"50,0";"6,0";"";"";"";""
"18/01/2023";"0000";"27,6";"76,0";"980,3";"1,0";"50,0";"10,0";"";"31,1";"";""
"18/01/2023";"1200";"26,0";"81,0";"983,8";"1,0";"50,0";"10,0";"";"";"22,5";"0,0"
"18/01/2023";"1800";"30,2";"70,0";"981,0";"1,0";"140,0";"10,0";"";"";"";""
"19/01/2023";"0000";"27,0";"81,0";"981,5";"0,0";"0,0";"10,0";"";"24,0";"";""
"19/01/2023";"1200";"22,0";"92,0";"984,8";"1,0";"230,0";"10,0";"";"";"20,1";"36,0"
"19/01/2023";"1800";"23,6";"89,0";"984,9";"1,0";"320,0";"10,0";"";"";"";""
"20/01/2023";"0000";"22,0";"92,0";"982,7";"0,0";"0,0";"10,0";"7,10";"32,9";"";""
"20/01/2023";"1200";"23,8";"90,0";"984,7";"1,0";"140,0";"5,0";"";"";"20,1";"4,8"
"20/01/2023";"1800";"31,6";"64,0";"982,1";"1,0";"140,0";"6,0";"";"";"";""
"21/01/2023";"0000";"26,0";"93,0";"980,5";"0,0";"0,0";"2,0";"8,20";"34,1";"";""
"21/01/2023";"1200";"26,6";"84,0";"983,2";"1,0";"50,0";"2,0";"";"";"21,7";"4,0"
"21/01/2023";"1800";"33,0";"56,0";"980,2";"1,0";"50,0";"4,0";"";"";"";""
"22/01/2023";"0000";"29,0";"82,0";"979,2";"0,0";"0,0";"0,0";"5,90";"34,1";"";""
"22/01/2023";"1200";"27,6";"76,0";"983,4";"1,0";"50,0";"4,0";"";"";"22,1";"0,0"
"22/01/2023";"1800";"31,6";"71,0";"980,0";"1,0";"50,0";"5,0";"";"";"";""
"23/01/2023";"0000";"27,0";"81,0";"981,0";"0,0";"0,0";"0,0";"10,10";"34,1";"";""
"23/01/2023";"1200";"25,0";"83,0";"983,7";"1,0";"50,0";"10,0";"";"";"21,1";"1,0"
"23/01/2023";"1800";"33,2";"61,0";"981,4";"1,0";"140,0";"4,0";"";"";"";""
"24/01/2023";"0000";"28,8";"72,0";"980,6";"0,0";"0,0";"2,0";"10,60";"35,1";"";""
"24/01/2023";"1200";"27,6";"76,0";"982,4";"1,0";"320,0";"2,0";"";"";"22,1";"0,0"
"24/01/2023";"1800";"35,0";"48,0";"978,2";"1,0";"140,0";"4,0";"";"";"";""
"25/01/2023";"0000";"30,0";"67,0";"978,6";"0,0";"0,0";"0,0";"6,30";"32,1";"";""
"25/01/2023";"1200";"27,0";"83,0";"981,6";"1,0";"320,0";"10,0";"";"";"23,3";"0,0"
"25/01/2023";"1800";"";"62,0";"977,6";"1,0";"50,0";"4,0";"";"";"";""
"26/01/2023";"0000";"27,0";"74,0";"979,0";"1,0";"230,0";"4,0";"5,30";"33,7";"";""
"26/01/2023";"1200";"27,6";"77,0";"981,4";"1,0";"320,0";"2,0";"";"";"22,5";"0,0"
"26/01/2023";"1800";"32,0";"61,0";"977,6";"1,0";"50,0";"10,0";"";"";"";""
"27/01/2023";"0000";"26,2";"82,0";"979,1";"0,0";"0,0";"0,0";"7,60";"34,3";"";""
"27/01/2023";"1200";"27,2";"78,0";"982,3";"1,0";"230,0";"5,0";"";"";"22,1";"0,0"
"27/01/2023";"1800";"33,6";"52,0";"978,6";"1,0";"50,0";"4,0";"";"";"";""
"28/01/2023";"0000";"28,0";"76,0";"979,5";"0,0";"0,0";"0,0";"3,00";"32,5";"";""
"28/01/2023";"1200";"27,8";"77,0";"983,2";"1,0";"50,0";"10,0";"";"";"22,5";"0,0"
"28/01/2023";"1800";"26,2";"77,0";"981,1";"1,0";"50,0";"10,0";"";"";"";""
"29/01/2023";"0000";"24,6";"88,0";"981,5";"0,0";"0,0";"0,0";"8,40";"33,1";"";""
"29/01/2023";"1200";"25,0";"85,0";"983,2";"1,0";"50,0";"4,0";"";"";"20,1";"0,0"
"29/01/2023";"1800";"29,8";"72,0";"980,0";"1,0";"140,0";"10,0";"";"";"";""
"30/01/2023";"0000";"28,0";"76,0";"978,7";"0,0";"0,0";"0,0";"11,00";"35,3";"";""
"30/01/2023";"1200";"26,0";"78,0";"981,8";"1,0";"140,0";"2,0";"";"";"20,5";"0,0"
"30/01/2023";"1800";"34,4";"46,0";"979,1";"1,0";"140,0";"2,0";"";"";"";""
"31/01/2023";"0000";"30,0";"67,0";"978,4";"0,0";"0,0";"0,0";"8,30";"35,5";"";""
"31/01/2023";"1200";"26,8";"76,0";"981,2";"1,0";"230,0";"0,0";"";"";"22,1";"0,0"
"31/01/2023";"1800";"34,0";"58,0";"978,7";"1,0";"140,0";"6,0";"";"";"";""
"01/02/2023";"0000";"29,2";"82,0";"978,6";"0,0";"0,0";"4,0";"0,70";"32,1";"";""
"01/02/2023";"1200";"26,6";"84,0";"983,4";"1,0";"50,0";"10,0";"";"";"23,3";"1,8"
"01/02/2023";"1800";"27,8";"89,0";"980,9";"1,0";"50,0";"10,0";"";"";"";""
"02/02/2023";"0000";"25,0";"90,0";"981,1";"0,0";"0,0";"10,0";"";"29,4";"";""
"02/02/2023";"1200";"24,4";"93,0";"980,0";"1,0";"50,0";"10,0";"";"";"21,1";"7,0"
"02/02/2023";"1800";"28,4";"76,0";"982,3";"1,0";"50,0";"10,0";"";"";"";""
"03/02/2023";"0000";"25,4";"86,0";"981,7";"0,0";"0,0";"4,0";"8,00";"32,4";"";""
"03/02/2023";"1200";"25,8";"81,0";"983,4";"1,0";"50,0";"5,0";"";"";"21,1";"0,0"
"03/02/2023";"1800";"31,8";"57,0";"981,2";"1,0";"140,0";"4,0";"";"";"";""
"04/02/2023";"0000";"29,2";"70,0";"981,2";"0,0";"0,0";"0,0";"8,40";"34,9";"";""
"04/02/2023";"1200";"27,0";"77,0";"985,3";"1,0";"230,0";"5,0";"";"";"21,1";"0,0"
"04/02/2023";"1800";"34,0";"57,0";"981,3";"1,0";"50,0";"6,0";"";"";"";""
"05/02/2023";"0000";"30,0";"73,0";"980,8";"0,0";"0,0";"0,0";"2,80";"31,8";"";""
"05/02/2023";"1200";"27,0";"83,0";"984,6";"1,0";"50,0";"4,0";"";"";"22,5";"0,0"
"05/02/2023";"1800";"24,8";"83,0";"982,1";"1,0";"50,0";"10,0";"";"";"";""
"06/02/2023";"0000";"25,0";"87,0";"980,9";"0,0";"0,0";"0,0";"4,40";"32,2";"";""
"06/02/2023";"1200";"23,0";"94,0";"983,5";"1,0";"50,0";"10,0";"";"";"21,1";"2,6"
"06/02/2023";"1800";"32,0";"43,0";"979,8";"1,0";"230,0";"10,0";"";"";"";""
"07/02/2023";"0000";"24,0";"91,0";"981,7";"0,0";"0,0";"10,0";"3,40";"30,7";"";""
"07/02/2023";"1200";"24,0";"93,0";"983,7";"1,0";"140,0";"10,0";"";"";"21,3";"8,2"
"07/02/2023";"1800";"29,0";"75,0";"979,5";"1,0";"50,0";"10,0";"";"";"";""
"08/02/2023";"0000";"28,6";"77,0";"990,0";"0,0";"0,0";"10,0";"10,70";"34,3";"";""
"08/02/2023";"1200";"27,2";"83,0";"982,2";"1,0";"230,0";"2,0";"";"";"22,1";"5,4"
"08/02/2023";"1800";"33,2";"52,0";"978,7";"1,0";"50,0";"4,0";"";"";"";""
"09/02/2023";"0000";"28,2";"73,0";"979,0";"0,0";"0,0";"4,0";"10,70";"31,5";"";""
"09/02/2023";"1200";"28,0";"75,0";"983,6";"1,0";"50,0";"0,0";"";"";"21,5";"0,0"
"09/02/2023";"1800";"";"46,0";"980,2";"1,0";"50,0";"2,0";"";"";"";""
"10/02/2023";"0000";"30,0";"64,0";"979,0";"0,0";"0,0";"0,0";"11,00";"35,9";"";""
"10/02/2023";"1200";"28,0";"67,0";"982,2";"1,0";"50,0";"2,0";"";"";"21,1";"0,0"
"10/02/2023";"1800";"34,8";"56,0";"978,6";"1,0";"50,0";"2,0";"";"";"";""
"11/02/2023";"0000";"30,6";"69,0";"977,8";"0,0";"0,0";"0,0";"2,40";"32,3";"";""
"11/02/2023";"1200";"28,0";"75,0";"982,5";"1,0";"50,0";"6,0";"";"";"22,1";"0,0"
"11/02/2023";"1800";"30,0";"73,0";"978,3";"1,0";"140,0";"4,0";"";"";"";""
"12/02/2023";"0000";"27,0";"86,0";"978,5";"0,0";"0,0";"10,0";"10,20";"35,3";"";""
"12/02/2023";"1200";"25,2";"87,0";"991,7";"1,0";"50,0";"0,0";"";"";"22,1";"8,0"
"12/02/2023";"1800";"34,0";"54,0";"978,5";"1,0";"140,0";"2,0";"";"";"";""
"13/02/2023";"0000";"30,2";"66,0";"978,3";"0,0";"0,0";"0,0";"11,10";"36,5";"";""
"13/02/2023";"1200";"27,0";"77,0";"981,1";"1,0";"50,0";"0,0";"";"";"22,1";"0,0"
"13/02/2023";"1800";"36,0";"49,0";"977,9";"1,0";"50,0";"2,0";"";"";"";""
"14/02/2023";"0000";"30,6";"73,0";"977,8";"0,0";"0,0";"0,0";"6,90";"29,8";"";""
"14/02/2023";"1200";"29,0";"78,0";"981,5";"1,0";"50,0";"6,0";"";"";"23,3";"0,0"
"14/02/2023";"1800";"";"58,0";"979,0";"1,0";"140,0";"5,0";"";"";"";""
"15/02/2023";"0000";"29,8";"81,0";"978,6";"0,0";"0,0";"0,0";"4,30";"34,9";"";""
"15/02/2023";"1200";"26,0";"87,0";"981,2";"1,0";"320,0";"10,0";"";"";"22,7";"0,0"
"15/02/2023";"1800";"32,0";"67,0";"978,7";"1,0";"50,0";"6,0";"";"";"";""
"16/02/2023";"0000";"29,0";"84,0";"977,4";"0,0";"0,0";"0,0";"4,30";"33,7";"";""
"16/02/2023";"1200";"26,4";"84,0";"980,6";"1,0";"50,0";"10,0";"";"";"23,1";"0,4"
"16/02/2023";"1800";"31,4";"65,0";"977,8";"1,0";"50,0";"10,0";"";"";"";""
"17/02/2023";"0000";"27,8";"86,0";"977,6";"0,0";"0,0";"0,0";"3,50";"34,1";"";""
"17/02/2023";"1200";"28,2";"76,0";"980,9";"1,0";"50,0";"10,0";"";"";"23,1";"0,0"
"17/02/2023";"1800";"32,6";"65,0";"977,6";"1,0";"50,0";"10,0";"";"";"";""
"18/02/2023";"0000";"24,8";"94,0";"977,9";"0,0";"0,0";"10,0";"2,10";"28,1";"";""
"18/02/2023";"1200";"25,0";"93,0";"981,5";"1,0";"230,0";"5,0";"";"";"22,1";"0,4"
"18/02/2023";"1800";"26,8";"78,0";"979,9";"1,0";"230,0";"10,0";"";"";"";""
"19/02/2023";"0000";"23,0";"93,0";"979,6";"0,0";"0,0";"10,0";"7,60";"32,3";"";""
"19/02/2023";"1200";"23,6";"91,0";"982,5";"1,0";"50,0";"10,0";"";"";"20,7";"29,4"
"19/02/2023";"1800";"";"64,0";"980,0";"1,0";"140,0";"10,0";"";"";"";""
"20/02/2023";"0000";"25,0";"90,0";"980,1";"0,0";"0,0";"10,0";"3,20";"31,9";"";""
"20/02/2023";"1200";"23,0";"91,0";"982,1";"1,0";"50,0";"10,0";"";"";"20,1";"0,0"
"20/02/2023";"1800";"30,0";"67,0";"980,1";"1,0";"50,0";"5,0";"";"";"";""
"21/02/2023";"0000";"24,0";"93,0";"979,7";"0,0";"0,0";"10,0";"0,60";"32,3";"";""
"21/02/2023";"1200";"23,8";"89,0";"982,4";"1,0";"320,0";"10,0";"";"";"21,3";"2,0"
"21/02/2023";"1800";"31,8";"63,0";"980,6";"1,0";"140,0";"10,0";"";"";"";""
"22/02/2023";"0000";"27,0";"89,0";"981,1";"0,0";"0,0";"4,0";"0,60";"33,2";"";""
"22/02/2023";"1200";"24,6";"88,0";"984,5";"1,0";"140,0";"10,0";"";"";"21,1";"0,0"
"22/02/2023";"1800";"31,8";"63,0";"981,6";"1,0";"140,0";"10,0";"";"";"";""
"23/02/2023";"0000";"28,0";"81,0";"982,1";"1,0";"320,0";"10,0";"1,10";"30,1";"";""
"23/02/2023";"1200";"21,6";"97,0";"985,8";"1,0";"320,0";"10,0";"";"";"19,1";"22,0"
"23/02/2023";"1800";"29,4";"73,0";"983,1";"1,0";"50,0";"10,0";"";"";"";""
"24/02/2023";"0000";"26,6";"87,0";"981,3";"0,0";"0,0";"0,0";"1,20";"34,9";"";""
"24/02/2023";"1200";"25,6";"82,0";"984,4";"1,0";"50,0";"4,0";"";"";"21,7";"2,0"
"24/02/2023";"1800";"33,0";"67,0";"979,9";"1,0";"230,0";"10,0";"";"";"";""
"25/02/2023";"0000";"28,0";"82,0";"980,0";"0,0";"0,0";"0,0";"2,50";"32,1";"";""
"25/02/2023";"1200";"27,0";"85,0";"983,3";"1,0";"50,0";"10,0";"";"";"23,7";"0,0"
"25/02/2023";"1800";"31,8";"65,0";"980,0";"1,0";"50,0";"10,0";"";"";"";""
"26/02/2023";"0000";"26,0";"85,0";"980,6";"0,0";"0,0";"10,0";"2,80";"30,3";"";""
"26/02/2023";"1200";"25,2";"90,0";"984,4";"1,0";"50,0";"5,0";"";"";"22,9";"0,0"
"26/02/2023";"1800";"25,4";"86,0";"982,0";"1,0";"140,0";"10,0";"";"";"";""
"27/02/2023";"0000";"25,6";"89,0";"983,4";"0,0";"0,0";"0,0";"1,60";"30,5";"";""
"27/02/2023";"1200";"23,6";"92,0";"984,5";"1,0";"140,0";"10,0";"";"";"21,1";"5,6"
"27/02/2023";"1800";"26,0";"93,0";"982,7";"1,0";"230,0";"10,0";"";"";"";""
"28/02/2023";"0000";"25,2";"92,0";"981,2";"0,0";"0,0";"10,0";"4,20";"33,4";"";""
"28/02/2023";"1200";"24,6";"91,0";"985,6";"1,0";"230,0";"10,0";"";"";"21,9";"20,6"
"28/02/2023";"1800";"32,6";"63,0";"981,4";"1,0";"50,0";"5,0";"";"";"";""
"01/03/2023";"0000";"27,6";"89,0";"981,1";"0,0";"0,0";"5,0";"8,80";"35,1";"";""
"01/03/2023";"1200";"25,0";"92,0";"984,8";"1,0";"140,0";"6,0";"";"";"21,5";"0,0"
"01/03/2023";"1800";"34,0";"57,0";"980,3";"1,0";"50,0";"4,0";"";"";"";""
"02/03/2023";"0000";"30,0";"82,0";"980,0";"0,0";"0,0";"0,0";"9,20";"35,5";"";""
"02/03/2023";"1200";"27,0";"83,0";"982,7";"1,0";"140,0";"4,0";"";"";"22,9";"0,0"
"02/03/2023";"1800";"34,4";"57,0";"978,7";"1,0";"50,0";"4,0";"";"";"";""
"03/03/2023";"0000";"30,0";"77,0";"978,6";"1,0";"50,0";"0,0";"8,30";"34,9";"";""
"03/03/2023";"1200";"26,0";"85,0";"983,2";"1,0";"50,0";"10,0";"";"";"22,5";"0,0"
"03/03/2023";"1800";"34,0";"57,0";"979,0";"1,0";"50,0";"4,0";"";"";"";""
"04/03/2023";"0000";"28,0";"79,0";"979,4";"0,0";"0,0";"0,0";"5,80";"33,1";"";""
"04/03/2023";"1200";"27,0";"80,0";"982,8";"1,0";"50,0";"0,0";"";"";"22,5";"0,0"
"04/03/2023";"1800";"";"";"";"";"";"";"";"";"";""
"05/03/2023";"0000";"28,4";"76,0";"981,0";"0,0";"0,0";"0,0";"";"";"";""
"05/03/2023";"1200";"";"";"";"";"";"";"";"";"";""
"05/03/2023";"1800";"";"";"";"";"";"";"";"";"";""
"06/03/2023";"0000";"";"";"";"";"";"";"10,10";"34,7";"";""
"06/03/2023";"1200";"26,0";"85,0";"982,2";"1,0";"50,0";"6,0";"";"";"22,9";"4,0"
"06/03/2023";"1800";"";"";"";"";"";"";"";"";"";""
"07/03/2023";"0000";"27,8";"89,0";"977,7";"0,0";"0,0";"4,0";"2,40";"32,1";"";""
"07/03/2023";"1200";"26,8";"82,0";"982,6";"1,0";"50,0";"10,0";"";"";"23,1";"0,0"
"07/03/2023";"1800";"";"";"";"";"";"";"";"";"";""
"08/03/2023";"0000";"26,8";"85,0";"972,9";"0,0";"0,0";"10,0";"4,30";"33,1";"";""
"08/03/2023";"1200";"26,0";"85,0";"982,6";"1,0";"50,0";"10,0";"";"";"22,2";"0,2"
"08/03/2023";"1800";"";"";"";"";"";"";"";"";"";""
"09/03/2023";"0000";"23,0";"93,0";"980,4";"0,0";"0,0";"10,0";"8,40";"34,7";"";""
"09/03/2023";"1200";"25,8";"87,0";"983,2";"1,0";"50,0";"4,0";"";"";"21,7";"26,6"
"09/03/2023";"1800";"";"";"";"";"";"";"";"";"";""
"10/03/2023";"0000";"29,8";"61,0";"980,0";"0,0";"0,0";"6,0";"2,20";"32,1";"";""
"10/03/2023";"1200";"27,6";"80,0";"983,9";"1,0";"50,0";"10,0";"";"";"23,3";"0,0"
"10/03/2023";"1800";"";"";"";"";"";"";"";"";"";""
"11/03/2023";"0000";"27,0";"85,0";"980,5";"0,0";"0,0";"10,0";"6,10";"33,7";"";""
"11/03/2023";"1200";"27,0";"83,0";"982,6";"1,0";"140,0";"4,0";"";"";"22,3";"0,0"
"11/03/2023";"1800";"";"";"";"";"";"";"";"";"";""
"12/03/2023";"0000";"24,0";"98,0";"980,6";"0,0";"0,0";"10,0";"";"";"";""
"12/03/2023";"1200";"";"";"";"";"";"";"";"";"";""
"12/03/2023";"1800";"";"";"";"";"";"";"";"";"";""
"13/03/2023";"0000";"";"";"";"";"";"";"0,80";"28,1";"";""
"13/03/2023";"1200";"24,8";"86,0";"983,4";"1,0";"320,0";"10,0";"";"";"22,5";"3,0"
"13/03/2023";"1800";"";"";"";"";"";"";"";"";"";""
"14/03/2023";"0000";"23,0";"98,0";"981,8";"0,0";"0,0";"10,0";"5,70";"34,1";"";""
"14/03/2023";"1200";"24,8";"87,0";"984,0";"1,0";"320,0";"10,0";"";"";"21,7";"3,0"
"14/03/2023";"1800";"";"";"";"";"";"";"";"";"";""
"15/03/2023";"0000";"26,6";"96,0";"981,0";"0,0";"0,0";"10,0";"";"28,1";"";""
"15/03/2023";"1200";"22,8";"95,0";"984,1";"1,0";"50,0";"10,0";"";"";"21,7";"6,0"
"15/03/2023";"1800";"";"";"";"";"";"";"";"";"";""
"16/03/2023";"0000";"22,6";"95,0";"980,8";"0,0";"0,0";"10,0";"5,70";"33,3";"";""
"16/03/2023";"1200";"24,0";"91,0";"983,1";"1,0";"50,0";"10,0";"";"";"21,5";"8,0"
"16/03/2023";"1800";"";"";"";"";"";"";"";"";"";""
"17/03/2023";"0000";"27,0";"81,0";"978,7";"1,0";"320,0";"4,0";"4,20";"32,7";"";""
"17/03/2023";"1200";"24,0";"95,0";"982,8";"1,0";"50,0";"10,0";"";"";"21,7";"33,2"
"17/03/2023";"1800";"";"";"";"";"";"";"";"";"";""
"18/03/2023";"0000";"27,0";"89,0";"980,5";"0,0";"0,0";"10,0";"4,10";"32,7";"";""
"18/03/2023";"1200";"23,4";"93,0";"984,7";"1,0";"320,0";"10,0";"";"";"20,1";"154,4"
"18/03/2023";"1800";"";"";"";"";"";"";"";"";"";""
"19/03/2023";"0000";"26,6";"78,0";"981,3";"1,0";"230,0";"10,0";"";"";"";""
"19/03/2023";"1200";"";"";"";"";"";"";"";"";"";""
"19/03/2023";"1800";"";"";"";"";"";"";"";"";"";""
"20/03/2023";"0000";"";"";"";"";"";"";"";"32,7";"";""
"20/03/2023";"1200";"24,8";"84,0";"985,4";"1,0";"320,0";"10,0";"";"";"21,1";"0,5"
"20/03/2023";"1800";"";"";"";"";"";"";"";"";"";""
"21/03/2023";"0000";"24,0";"95,0";"979,7";"0,0";"0,0";"10,0";"1,50";"28,1";"";""
"21/03/2023";"1200";"26,0";"85,0";"984,6";"1,0";"50,0";"10,0";"";"";"21,7";"16,0"
"21/03/2023";"1800";"27,0";"80,0";"982,9";"1,0";"230,0";"10,0";"";"";"";""
"22/03/2023";"0000";"22,8";"95,0";"984,0";"0,0";"0,0";"10,0";"5,70";"32,4";"";""
"22/03/2023";"1200";"24,0";"95,0";"984,6";"1,0";"320,0";"10,0";"";"";"21,7";"8,6"
"22/03/2023";"1800";"32,0";"67,0";"980,4";"1,0";"50,0";"5,0";"";"";"";""
"23/03/2023";"0000";"27,0";"85,0";"981,0";"0,0";"0,0";"0,0";"5,30";"32,9";"";""
"23/03/2023";"1200";"25,4";"88,0";"984,2";"1,0";"140,0";"5,0";"";"";"22,5";"0,2"
"23/03/2023";"1800";"32,0";"67,0";"979,4";"1,0";"140,0";"5,0";"";"";"";""
"24/03/2023";"0000";"26,2";"89,0";"980,8";"0,0";"0,0";"5,0";"6,10";"32,7";"";""
"24/03/2023";"1200";"28,0";"75,0";"984,0";"1,0";"50,0";"10,0";"";"";"22,5";"0,0"
"24/03/2023";"1800";"";"62,0";"979,8";"1,0";"50,0";"6,0";"";"";"";""
"25/03/2023";"0000";"27,0";"77,0";"981,3";"1,0";"230,0";"10,0";"9,20";"34,7";"";""
"25/03/2023";"1200";"27,0";"83,0";"983,2";"1,0";"230,0";"2,0";"";"";"21,7";"0,0"
"25/03/2023";"1800";"34,0";"57,0";"979,1";"1,0";"50,0";"2,0";"";"";"";""
"26/03/2023";"0000";"28,0";"78,0";"980,0";"0,0";"0,0";"0,0";"5,40";"30,3";"";""
"26/03/2023";"1200";"26,4";"86,0";"984,2";"1,0";"320,0";"10,0";"";"";"21,7";"0,0"
"26/03/2023";"1800";"27,0";"83,0";"980,9";"1,0";"230,0";"10,0";"";"";"";""
"27/03/2023";"0000";"23,6";"94,0";"982,5";"0,0";"0,0";"0,0";"0,30";"28,3";"";""
"27/03/2023";"1200";"24,0";"93,0";"984,4";"1,0";"230,0";"10,0";"";"";"21,7";"14,0"
"27/03/2023";"1800";"27,4";"81,0";"979,9";"1,0";"140,0";"10,0";"";"";"";""
"28/03/2023";"0000";"24,4";"94,0";"981,9";"0,0";"0,0";"0,0";"5,40";"31,7";"";""
"28/03/2023";"1200";"26,0";"82,0";"983,0";"1,0";"50,0";"4,0";"";"";"21,7";"0,0"
"28/03/2023";"1800";"30,0";"73,0";"978,9";"1,0";"140,0";"4,0";"";"";"";""
"29/03/2023";"0000";"26,0";"84,0";"980,1";"0,0";"0,0";"5,0";"4,30";"31,5";"";""
"29/03/2023";"1200";"26,0";"85,0";"982,8";"1,0";"230,0";"10,0";"";"";"22,1";"3,0"
"29/03/2023";"1800";"31,0";"67,0";"980,2";"1,0";"50,0";"4,0";"";"";"";""
"30/03/2023";"0000";"28,0";"82,0";"980,5";"0,0";"0,0";"4,0";"6,80";"34,1";"";""
"30/03/2023";"1200";"24,4";"91,0";"983,8";"1,0";"50,0";"10,0";"";"";"22,5";"0,0"
"30/03/2023";"1800";"33,0";"62,0";"979,8";"1,0";"50,0";"7,0";"";"";"";""
"31/03/2023";"0000";"27,0";"86,0";"980,8";"0,0";"0,0";"0,0";"8,00";"33,1";"";""
"31/03/2023";"1200";"27,0";"81,0";"984,0";"1,0";"50,0";"5,0";"";"";"23,3";"0,0"
"31/03/2023";"1800";"32,2";"64,0";"980,2";"1,0";"50,0";"4,0";"";"";"";""
"01/04/2023";"0000";"28,6";"79,0";"981,0";"0,0";"0,0";"10,0";"6,90";"34,9";"";""
"01/04/2023";"1200";"27,5";"79,0";"983,6";"1,0";"50,0";"10,0";"";"";"23,1";"0,0"
"01/04/2023";"1800";"34,0";"57,0";"979,2";"1,0";"230,0";"4,0";"";"";"";""
"02/04/2023";"0000";"28,0";"78,0";"980,1";"0,0";"0,0";"4,0";"8,50";"34,7";"";""
"02/04/2023";"1200";"27,6";"79,0";"983,6";"1,0";"50,0";"4,0";"";"";"23,1";"0,0"
"02/04/2023";"1800";"33,8";"59,0";"978,7";"1,0";"320,0";"4,0";"";"";"";""
"03/04/2023";"0000";"28,0";"74,0";"980,7";"0,0";"0,0";"0,0";"";"29,1";"";""
"03/04/2023";"1200";"";"";"983,1";"1,0";"50,0";"10,0";"";"";"23,1";"46,0"
"03/04/2023";"1800";"27,0";"81,0";"980,7";"1,0";"50,0";"10,0";"";"";"";""
"04/04/2023";"0000";"24,8";"92,0";"980,2";"0,0";"0,0";"5,0";"9,20";"34,1";"";""
"04/04/2023";"1200";"25,8";"84,0";"982,6";"1,0";"140,0";"4,0";"";"";"22,1";"0,0"
"04/04/2023";"1800";"32,6";"64,0";"979,0";"1,0";"140,0";"4,0";"";"";"";""
"05/04/2023";"0000";"26,0";"85,0";"978,9";"1,0";"50,0";"10,0";"3,00";"27,9";"";""
"05/04/2023";"1200";"27,0";"85,0";"981,7";"1,0";"50,0";"10,0";"";"";"23,3";"2,0"
"05/04/2023";"1800";"25,8";"89,0";"978,2";"1,0";"50,0";"10,0";"";"";"";""
"06/04/2023";"0000";"23,0";"98,0";"978,3";"0,0";"0,0";"10,0";"5,70";"33,9";"";""
"06/04/2023";"1200";"25,8";"87,0";"981,7";"1,0";"140,0";"6,0";"";"";"22,1";"21,0"
"06/04/2023";"1800";"31,0";"72,0";"977,7";"1,0";"140,0";"10,0";"";"";"";""
"07/04/2023";"0000";"25,0";"92,0";"979,0";"0,0";"0,0";"10,0";"8,40";"33,1";"";""
"07/04/2023";"1200";"25,4";"91,0";"982,4";"1,0";"230,0";"10,0";"";"";"22,1";"0,4"
"07/04/2023";"1800";"32,2";"64,0";"979,6";"1,0";"50,0";"4,0";"";"";"";""
"08/04/2023";"0000";"27,2";"86,0";"978,9";"1,0";"320,0";"10,0";"4,80";"32,7";"";""
"08/04/2023";"1200";"27,2";"78,0";"983,0";"1,0";"320,0";"6,0";"";"";"23,1";"0,0"
"08/04/2023";"1800";"30,4";"80,0";"979,2";"1,0";"320,0";"10,0";"";"";"";""
"09/04/2023";"0000";"23,0";"93,0";"980,7";"0,0";"0,0";"10,0";"3,50";"32,1";"";""
"09/04/2023";"1200";"24,8";"92,0";"983,6";"1,0";"50,0";"10,0";"";"";"22,1";"4,4"
"09/04/2023";"1800";"28,6";"84,0";"979,9";"1,0";"50,0";"10,0";"";"";"";""
"10/04/2023";"0000";"24,0";"95,0";"980,9";"0,0";"0,0";"10,0";"5,90";"33,1";"";""
"10/04/2023";"1200";"25,2";"90,0";"983,6";"1,0";"50,0";"4,0";"";"";"22,1";"4,0"
"10/04/2023";"1800";"28,0";"83,0";"981,3";"1,0";"50,0";"10,0";"";"";"";""
"11/04/2023";"0000";"24,6";"94,0";"981,2";"0,0";"0,0";"10,0";"9,50";"34,1";"";""
"11/04/2023";"1200";"27,0";"85,0";"983,3";"1,0";"230,0";"2,0";"";"";"22,1";"6,0"
"11/04/2023";"1800";"32,2";"71,0";"979,0";"1,0";"140,0";"10,0";"";"";"";""
"12/04/2023";"0000";"27,6";"82,0";"981,2";"0,0";"0,0";"5,0";"3,00";"34,1";"";""
"12/04/2023";"1200";"26,0";"85,0";"981,7";"1,0";"230,0";"2,0";"";"";"22,7";"26,0"
"12/04/2023";"1800";"33,4";"59,0";"978,2";"1,0";"50,0";"4,0";"";"";"";""
"13/04/2023";"0000";"28,8";"79,0";"978,3";"0,0";"0,0";"0,0";"7,50";"34,7";"";""
"13/04/2023";"1200";"27,2";"86,0";"981,2";"1,0";"230,0";"2,0";"";"";"23,1";"0,0"
"13/04/2023";"1800";"33,8";"57,0";"977,4";"1,0";"50,0";"6,0";"";"";"";""
"14/04/2023";"0000";"28,0";"76,0";"979,0";"0,0";"0,0";"0,0";"7,70";"34,9";"";""
"14/04/2023";"1200";"28,0";"81,0";"982,1";"1,0";"50,0";"2,0";"";"";"23,3";"0,0"
"14/04/2023";"1800";"34,0";"64,0";"978,8";"1,0";"50,0";"4,0";"";"";"";""
"15/04/2023";"0000";"29,2";"78,0";"979,5";"0,0";"0,0";"0,0";"10,30";"36,3";"";""
"15/04/2023";"1200";"28,8";"76,0";"982,7";"1,0";"140,0";"0,0";"";"";"23,3";"0,0"
"15/04/2023";"1800";"35,0";"57,0";"978,6";"1,0";"140,0";"4,0";"";"";"";""
"16/04/2023";"0000";"29,4";"76,0";"979,0";"0,0";"0,0";"0,0";"7,10";"34,1";"";""
"16/04/2023";"1200";"28,0";"78,0";"983,6";"1,0";"50,0";"6,0";"";"";"23,5";"0,0"
"16/04/2023";"1800";"32,0";"72,0";"979,0";"1,0";"230,0";"6,0";"";"";"";""
"17/04/2023";"0000";"28,6";"85,0";"977,2";"0,0";"0,0";"0,0";"8,30";"36,1";"";""
"17/04/2023";"1200";"27,2";"86,0";"980,7";"1,0";"320,0";"2,0";"";"";"23,7";"0,0"
"17/04/2023";"1800";"35,0";"57,0";"976,6";"1,0";"140,0";"2,0";"";"";"";""
"18/04/2023";"0000";"29,6";"82,0";"975,3";"0,0";"0,0";"4,0";"3,10";"33,5";"";""
"18/04/2023";"1200";"29,0";"78,0";"980,4";"1,0";"320,0";"6,0";"";"";"22,9";"0,0"
"18/04/2023";"1800";"27,0";"85,0";"978,6";"1,0";"320,0";"10,0";"";"";"";""
"19/04/2023";"0000";"25,4";"89,0";"978,6";"0,0";"0,0";"10,0";"2,30";"32,9";"";""
"19/04/2023";"1200";"25,4";"91,0";"983,7";"1,0";"320,0";"10,0";"";"";"22,1";"30,0"
"19/04/2023";"1800";"31,0";"73,0";"981,6";"1,0";"320,0";"6,0";"";"";"";""
"20/04/2023";"0000";"27,8";"86,0";"981,0";"0,0";"0,0";"0,0";"6,30";"34,3";"";""
"20/04/2023";"1200";"27,6";"85,0";"984,6";"1,0";"230,0";"10,0";"";"";"22,1";"0,0"
"20/04/2023";"1800";"33,2";"65,0";"980,2";"1,0";"140,0";"4,0";"";"";"";""
"21/04/2023";"0000";"28,6";"82,0";"980,3";"0,0";"0,0";"2,0";"9,80";"35,1";"";""
"21/04/2023";"1200";"28,0";"79,0";"981,9";"1,0";"140,0";"5,0";"";"";"22,9";"0,0"
"21/04/2023";"1800";"34,8";"55,0";"977,1";"1,0";"140,0";"2,0";"";"";"";""
"22/04/2023";"0000";"29,2";"73,0";"977,6";"0,0";"0,0";"0,0";"9,40";"35,1";"";""
"22/04/2023";"1200";"29,0";"72,0";"980,9";"1,0";"140,0";"2,0";"";"";"22,1";"0,0"
"22/04/2023";"1800";"34,0";"57,0";"977,3";"1,0";"140,0";"2,0";"";"";"";""
"23/04/2023";"0000";"29,0";"77,0";"978,6";"0,0";"0,0";"0,0";"9,40";"35,3";"";""
"23/04/2023";"1200";"28,0";"69,0";"982,0";"1,0";"140,0";"2,0";"";"";"";"0,0"
"23/04/2023";"1800";"34,8";"54,0";"979,2";"1,0";"140,0";"2,0";"";"";"";""
"24/04/2023";"0000";"29,0";"72,0";"980,0";"0,0";"0,0";"0,0";"9,50";"36,1";"";""
"24/04/2023";"1200";"25,0";"79,0";"982,3";"1,0";"140,0";"0,0";"";"";"21,5";"0,0"
"24/04/2023";"1800";"35,0";"53,0";"980,8";"1,0";"140,0";"2,0";"";"";"";""
"25/04/2023";"0000";"29,0";"78,0";"981,0";"0,0";"0,0";"0,0";"5,80";"34,7";"";""
"25/04/2023";"1200";"25,0";"79,0";"984,4";"1,0";"50,0";"6,0";"";"";"21,1";"0,0"
"25/04/2023";"1800";"33,8";"58,0";"980,5";"1,0";"140,0";"5,0";"";"";"";""
"26/04/2023";"0000";"28,0";"78,0";"981,6";"0,0";"0,0";"0,0";"9,30";"36,3";"";""
"26/04/2023";"1200";"28,0";"71,0";"983,4";"1,0";"140,0";"0,0";"";"";"21,1";"0,0"
"26/04/2023";"1800";"35,0";"64,0";"979,8";"1,0";"140,0";"5,0";"";"";"";""
"27/04/2023";"0000";"29,6";"77,0";"980,8";"0,0";"0,0";"0,0";"6,90";"36,1";"";""
"27/04/2023";"1200";"27,4";"79,0";"984,1";"1,0";"230,0";"10,0";"";"";"23,1";"0,0"
"27/04/2023";"1800";"35,6";"57,0";"979,4";"1,0";"140,0";"4,0";"";"";"";""
"28/04/2023";"0000";"29,0";"78,0";"981,6";"0,0";"0,0";"0,0";"8,50";"37,3";"";""
"28/04/2023";"1200";"29,0";"74,0";"984,5";"1,0";"50,0";"4,0";"";"";"23,3";"0,0"
"28/04/2023";"1800";"36,8";"49,0";"979,9";"1,0";"230,0";"4,0";"";"";"";""
"29/04/2023";"0000";"30,0";"77,0";"981,9";"1,0";"320,0";"4,0";"6,60";"34,9";"";""
"29/04/2023";"1200";"30,8";"69,0";"984,8";"1,0";"50,0";"4,0";"";"";"23,5";"0,0"
"29/04/2023";"1800";"30,8";"82,0";"980,7";"1,0";"50,0";"4,0";"";"";"";""
"30/04/2023";"0000";"27,0";"85,0";"981,8";"0,0";"0,0";"2,0";"2,00";"35,7";"";""
"30/04/2023";"1200";"28,6";"81,0";"984,5";"1,0";"50,0";"10,0";"";"";"23,1";"27,0"
"30/04/2023";"1800";"32,0";"";"979,4";"1,0";"50,0";"4,0";"";"";"";""
"01/05/2023";"0000";"28,4";"76,0";"981,2";"0,0";"0,0";"10,0";"0,50";"30,5";"";""
"01/05/2023";"1200";"25,2";"";"984,5";"1,0";"320,0";"10,0";"";"";"23,3";"0,0"
"01/05/2023";"1800";"25,2";"90,0";"983,5";"1,0";"50,0";"10,0";"";"";"";""
"02/05/2023";"0000";"25,0";"93,0";"981,6";"0,0";"0,0";"10,0";"5,40";"34,6";"";""
"02/05/2023";"1200";"24,8";"90,0";"984,4";"1,0";"230,0";"10,0";"";"";"22,1";"15,0"
"02/05/2023";"1800";"33,6";"61,0";"979,0";"1,0";"50,0";"4,0";"";"";"";""
"03/05/2023";"0000";"28,6";"84,0";"979,9";"0,0";"0,0";"2,0";"3,70";"33,1";"";""
"03/05/2023";"1200";"24,4";"";"984,4";"1,0";"140,0";"10,0";"";"";"22,1";"52,0"
"03/05/2023";"1800";"30,6";"74,0";"979,8";"1,0";"50,0";"10,0";"";"";"";""
"04/05/2023";"0000";"24,0";"98,0";"982,1";"0,0";"0,0";"10,0";"5,20";"33,1";"";""
"04/05/2023";"1200";"27,4";"82,0";"";"1,0";"140,0";"10,0";"";"";"22,7";"5,0"
"04/05/2023";"1800";"32,0";"70,0";"980,6";"1,0";"50,0";"10,0";"";"";"";""
"05/05/2023";"0000";"27,0";"91,0";"982,2";"0,0";"0,0";"10,0";"6,60";"34,9";"";""
"05/05/2023";"1200";"27,0";"85,0";"984,3";"1,0";"230,0";"5,0";"";"";"22,9";"0,0"
"05/05/2023";"1800";"32,0";"72,0";"980,5";"1,0";"50,0";"10,0";"";"";"";""
"06/05/2023";"0000";"26,4";"89,0";"981,3";"0,0";"0,0";"10,0";"7,20";"34,1";"";""
"06/05/2023";"1200";"27,2";"86,0";"984,6";"1,0";"140,0";"10,0";"";"";"22,7";"4,8"
"06/05/2023";"1800";"33,0";"62,0";"979,6";"1,0";"140,0";"5,0";"";"";"";""
"07/05/2023";"0000";"28,0";"83,0";"980,1";"0,0";"0,0";"5,0";"8,80";"35,1";"";""
"07/05/2023";"1200";"29,0";"72,0";"983,0";"1,0";"50,0";"5,0";"";"";"23,1";"0,0"
"07/05/2023";"1800";"33,0";"62,0";"980,9";"1,0";"140,0";"5,0";"";"";"";""
"08/05/2023";"0000";"29,0";"73,0";"980,4";"0,0";"0,0";"0,0";"9,50";"35,3";"";""
"08/05/2023";"1200";"25,0";"88,0";"983,3";"1,0";"230,0";"2,0";"";"";"22,7";"0,0"
"08/05/2023";"1800";"35,0";"53,0";"981,2";"1,0";"140,0";"4,0";"";"";"";""
"09/05/2023";"0000";"29,2";"81,0";"981,6";"0,0";"0,0";"5,0";"8,90";"35,9";"";""
"09/05/2023";"1200";"26,0";"82,0";"984,2";"1,0";"230,0";"0,0";"";"";"22,1";"0,0"
"09/05/2023";"1800";"35,0";"57,0";"980,8";"1,0";"140,0";"4,0";"";"";"";""
"10/05/2023";"0000";"29,0";"85,0";"980,8";"0,0";"0,0";"0,0";"9,50";"36,7";"";""
"10/05/2023";"1200";"29,0";"73,0";"983,6";"1,0";"140,0";"2,0";"";"";"22,5";"0,0"
"10/05/2023";"1800";"36,0";"53,0";"980,1";"1,0";"50,0";"4,0";"";"";"";""
"11/05/2023";"0000";"30,0";"80,0";"979,9";"0,0";"0,0";"0,0";"5,30";"34,1";"";""
"11/05/2023";"1200";"27,0";"85,0";"982,5";"1,0";"230,0";"2,0";"";"";"23,1";"0,0"
"11/05/2023";"1800";"33,0";"67,0";"980,8";"1,0";"230,0";"6,0";"";"";"";""
"12/05/2023";"0000";"24,0";"97,0";"981,5";"0,0";"0,0";"10,0";"6,20";"34,9";"";""
"12/05/2023";"1200";"25,6";"86,0";"984,0";"1,0";"50,0";"5,0";"";"";"22,9";"41,0"
"12/05/2023";"1800";"34,0";"61,0";"980,8";"1,0";"320,0";"6,0";"";"";"";""
"13/05/2023";"0000";"28,0";"83,0";"982,0";"0,0";"0,0";"6,0";"8,20";"36,7";"";""
"13/05/2023";"1200";"27,0";"86,0";"984,8";"1,0";"230,0";"10,0";"";"";"23,1";"0,0"
"13/05/2023";"1800";"35,6";"53,0";"980,5";"1,0";"140,0";"4,0";"";"";"";""
"14/05/2023";"0000";"27,9";"88,0";"983,2";"0,0";"0,0";"4,0";"5,20";"33,9";"";""
"14/05/2023";"1200";"26,0";"87,0";"986,6";"1,0";"230,0";"6,0";"";"";"23,7";"0,0"
"14/05/2023";"1800";"32,0";"69,0";"982,8";"1,0";"50,0";"2,0";"";"";"";""
"15/05/2023";"0000";"28,0";"81,0";"983,7";"0,0";"0,0";"5,0";"8,40";"35,5";"";""
"15/05/2023";"1200";"26,0";"88,0";"986,4";"1,0";"230,0";"4,0";"";"";"23,5";"0,0"
"15/05/2023";"1800";"35,0";"57,0";"981,3";"1,0";"230,0";"4,0";"";"";"";""
"16/05/2023";"0000";"30,0";"75,0";"982,7";"1,0";"140,0";"4,0";"5,00";"34,9";"";""
"16/05/2023";"1200";"27,0";"85,0";"983,4";"1,0";"140,0";"2,0";"";"";"23,3";"0,0"
"16/05/2023";"1800";"34,0";"62,0";"980,6";"1,0";"50,0";"4,0";"";"";"";""
"17/05/2023";"0000";"30,0";"79,0";"982,6";"0,0";"0,0";"6,0";"6,60";"35,1";"";""
"17/05/2023";"1200";"28,0";"79,0";"983,9";"1,0";"230,0";"5,0";"";"";"23,1";"0,0"
"17/05/2023";"1800";"34,8";"56,0";"979,7";"1,0";"140,0";"4,0";"";"";"";""
"18/05/2023";"0000";"30,0";"73,0";"982,0";"0,0";"0,0";"5,0";"1,10";"32,6";"";""
"18/05/2023";"1200";"27,0";"83,0";"985,0";"1,0";"50,0";"10,0";"";"";"23,3";"0,0"
"18/05/2023";"1800";"31,0";"65,0";"982,5";"1,0";"140,0";"10,0";"";"";"";""
"19/05/2023";"0000";"27,0";"87,0";"983,0";"1,0";"50,0";"2,0";"9,50";"35,7";"";""
"19/05/2023";"1200";"26,8";"73,0";"985,3";"1,0";"140,0";"0,0";"";"";"23,1";"0,0"
"19/05/2023";"1800";"34,6";"54,0";"980,7";"1,0";"140,0";"2,0";"";"";"";""
"20/05/2023";"0000";"30,0";"72,0";"980,4";"1,0";"50,0";"4,0";"9,30";"34,9";"";""
"20/05/2023";"1200";"27,8";"";"983,6";"1,0";"140,0";"2,0";"";"";"22,1";"0,0"
"20/05/2023";"1800";"34,0";"";"980,5";"1,0";"140,0";"2,0";"";"";"";""
"21/05/2023";"0000";"29,0";"";"980,8";"0,0";"0,0";"0,0";"9,30";"35,1";"";""
"21/05/2023";"1200";"27,6";"68,0";"984,2";"1,0";"140,0";"0,0";"";"";"22,3";"0,0"
"21/05/2023";"1800";"34,0";"";"979,6";"1,0";"140,0";"2,0";"";"";"";""
"22/05/2023";"0000";"30,0";"68,0";"979,4";"0,0";"0,0";"0,0";"9,20";"35,7";"";""
"22/05/2023";"1200";"27,0";"70,0";"983,3";"1,0";"140,0";"0,0";"";"";"22,5";"0,0"
"22/05/2023";"1800";"35,0";"53,0";"980,3";"1,0";"140,0";"2,0";"";"";"";""
"23/05/2023";"0000";"30,0";"72,0";"980,8";"0,0";"0,0";"0,0";"9,00";"34,7";"";""
"23/05/2023";"1200";"27,0";"70,0";"983,6";"1,0";"140,0";"0,0";"";"";"22,1";"0,0"
"23/05/2023";"1800";"33,8";"";"980,2";"1,0";"140,0";"4,0";"";"";"";""
"24/05/2023";"0000";"30,0";"73,0";"982,7";"0,0";"0,0";"2,0";"5,80";"34,3";"";""
"24/05/2023";"1200";"27,0";"73,0";"983,2";"1,0";"140,0";"5,0";"";"";"22,9";"0,6"
"24/05/2023";"1800";"33,2";"61,0";"980,8";"1,0";"50,0";"2,0";"";"";"";""
"25/05/2023";"0000";"28,8";"72,0";"981,0";"0,0";"0,0";"0,0";"8,40";"34,5";"";""
"25/05/2023";"1200";"26,6";"76,0";"983,7";"1,0";"50,0";"2,0";"";"";"22,9";"0,0"
"25/05/2023";"1800";"34,0";"";"981,0";"1,0";"140,0";"4,0";"";"";"";""
"26/05/2023";"0000";"29,4";"69,0";"980,8";"0,0";"0,0";"0,0";"8,70";"34,7";"";""
"26/05/2023";"1200";"28,2";"72,0";"984,4";"1,0";"140,0";"2,0";"";"";"22,1";"0,0"
"26/05/2023";"1800";"34,0";"56,0";"980,6";"1,0";"140,0";"4,0";"";"";"";""
"27/05/2023";"0000";"29,4";"69,0";"981,8";"1,0";"140,0";"5,0";"9,10";"35,5";"";""
"27/05/2023";"1200";"28,8";"71,0";"984,2";"1,0";"140,0";"2,0";"";"";"22,3";"0,0"
"27/05/2023";"1800";"35,0";"52,0";"981,4";"1,0";"140,0";"2,0";"";"";"";""
"28/05/2023";"0000";"29,6";"71,0";"982,8";"0,0";"0,0";"0,0";"9,40";"36,7";"";""
"28/05/2023";"1200";"28,0";"69,0";"984,8";"1,0";"140,0";"0,0";"";"";"21,5";"0,0"
"28/05/2023";"1800";"35,8";"";"980,3";"1,0";"140,0";"2,0";"";"";"";""
"29/05/2023";"0000";"29,6";"74,0";"981,8";"0,0";"0,0";"0,0";"9,20";"36,1";"";""
"29/05/2023";"1200";"28,8";"68,0";"984,4";"1,0";"140,0";"0,0";"";"";"22,7";"0,0"
"29/05/2023";"1800";"35,8";"";"980,6";"1,0";"50,0";"4,0";"";"";"";""
"30/05/2023";"0000";"30,0";"";"980,5";"0,0";"0,0";"0,0";"9,20";"36,1";"";""
"30/05/2023";"1200";"27,8";"76,0";"985,6";"1,0";"140,0";"0,0";"";"";"22,5";"0,0"
"30/05/2023";"1800";"35,2";"57,0";"982,9";"1,0";"50,0";"4,0";"";"";"";""
"31/05/2023";"0000";"29,8";"71,0";"982,6";"0,0";"0,0";"0,0";"9,30";"36,1";"";""
"31/05/2023";"1200";"28,0";"63,0";"986,3";"1,0";"50,0";"0,0";"";"";"22,1";"0,0"
"31/05/2023";"1800";"35,6";"52,0";"983,4";"1,0";"50,0";"2,0";"";"";"";""
"01/06/2023";"0000";"30,0";"73,0";"982,8";"0,0";"0,0";"0,0";"9,40";"36,9";"";""
"01/06/2023";"1200";"26,0";"77,0";"986,8";"1,0";"140,0";"2,0";"";"";"21,1";"0,0"
"01/06/2023";"1800";"36,2";"51,0";"982,4";"1,0";"140,0";"4,0";"";"";"";""
"02/06/2023";"0000";"30,0";"73,0";"983,1";"0,0";"0,0";"0,0";"9,50";"36,9";"";""
"02/06/2023";"1200";"27,0";"71,0";"984,6";"1,0";"140,0";"0,0";"";"";"21,3";"0,0"
"02/06/2023";"1800";"36,4";"";"980,3";"1,0";"140,0";"2,0";"";"";"";""
"03/06/2023";"0000";"30,0";"77,0";"981,0";"0,0";"0,0";"0,0";"9,50";"36,1";"";""
"03/06/2023";"1200";"28,4";"66,0";"984,6";"1,0";"140,0";"0,0";"";"";"21,9";"0,0"
"03/06/2023";"1800";"35,0";"51,0";"990,5";"1,0";"140,0";"4,0";"";"";"";""
"04/06/2023";"0000";"30,0";"67,0";"981,8";"1,0";"140,0";"2,0";"6,70";"34,9";"";""
"04/06/2023";"1200";"24,8";"79,0";"985,8";"1,0";"140,0";"10,0";"";"";"22,1";"0,0"
"04/06/2023";"1800";"34,0";"51,0";"982,8";"1,0";"140,0";"4,0";"";"";"";""
"05/06/2023";"0000";"29,0";"68,0";"983,6";"0,0";"0,0";"0,0";"8,60";"35,1";"";""
"05/06/2023";"1200";"26,2";"70,0";"985,9";"1,0";"140,0";"0,0";"";"";"22,1";"0,0"
"05/06/2023";"1800";"34,4";"";"983,8";"1,0";"140,0";"2,0";"";"";"";""
"06/06/2023";"0000";"29,4";"59,0";"983,1";"0,0";"0,0";"2,0";"9,30";"35,9";"";""
"06/06/2023";"1200";"28,0";"64,0";"985,6";"1,0";"140,0";"0,0";"";"";"21,9";"0,0"
"06/06/2023";"1800";"35,0";"53,0";"983,0";"1,0";"50,0";"2,0";"";"";"";""
"07/06/2023";"0000";"29,2";"79,0";"983,4";"0,0";"0,0";"0,0";"9,00";"35,9";"";""
"07/06/2023";"1200";"26,8";"66,0";"986,3";"1,0";"140,0";"0,0";"";"";"20,5";"0,0"
"07/06/2023";"1800";"";"";"982,6";"1,0";"50,0";"2,0";"";"";"";""
"08/06/2023";"0000";"30,0";"61,0";"982,8";"0,0";"0,0";"0,0";"9,00";"36,2";"";""
"08/06/2023";"1200";"29,0";"62,0";"986,6";"1,0";"140,0";"0,0";"";"";"20,9";"0,0"
"08/06/2023";"1800";"35,4";"49,0";"982,6";"1,0";"320,0";"2,0";"";"";"";""
"09/06/2023";"0000";"30,2";"70,0";"983,1";"0,0";"0,0";"0,0";"9,00";"37,1";"";""
"09/06/2023";"1200";"29,0";"65,0";"985,6";"1,0";"140,0";"0,0";"";"";"20,7";"0,0"
"09/06/2023";"1800";"36,4";"";"982,2";"1,0";"50,0";"2,0";"";"";"";""
"10/06/2023";"0000";"30,0";"69,0";"983,9";"0,0";"0,0";"0,0";"8,50";"36,6";"";""
"10/06/2023";"1200";"26,6";"74,0";"985,6";"1,0";"140,0";"0,0";"";"";"21,1";"0,0"
"10/06/2023";"1800";"32,6";"";"981,6";"1,0";"140,0";"2,0";"";"";"";""
"11/06/2023";"0000";"29,6";"69,0";"982,6";"0,0";"0,0";"0,0";"9,00";"35,9";"";""
"11/06/2023";"1200";"27,0";"68,0";"985,8";"1,0";"50,0";"0,0";"";"";"21,1";"0,0"
"11/06/2023";"1800";"35,0";"53,0";"981,8";"1,0";"140,0";"2,0";"";"";"";""
"12/06/2023";"0000";"29,6";"73,0";"982,8";"0,0";"0,0";"0,0";"8,60";"36,3";"";""
"12/06/2023";"1200";"24,8";"76,0";"984,6";"1,0";"50,0";"0,0";"";"";"21,1";"0,0"
"12/06/2023";"1800";"35,8";"";"981,5";"1,0";"50,0";"2,0";"";"";"";""
"13/06/2023";"0000";"29,8";"68,0";"982,8";"0,0";"0,0";"0,0";"9,00";"36,7";"";""
"13/06/2023";"1200";"26,2";"69,0";"985,7";"1,0";"140,0";"0,0";"";"";"21,7";"0,0"
"13/06/2023";"1800";"36,0";"";"981,3";"1,0";"140,0";"2,0";"";"";"";""
"14/06/2023";"0000";"30,0";"76,0";"982,0";"0,0";"0,0";"0,0";"8,90";"36,1";"";""
"14/06/2023";"1200";"27,4";"68,0";"985,8";"1,0";"50,0";"0,0";"";"";"21,1";"0,0"
"14/06/2023";"1800";"35,2";"";"981,5";"1,0";"50,0";"2,0";"";"";"";""
"15/06/2023";"0000";"30,0";"80,0";"981,8";"0,0";"0,0";"0,0";"9,00";"36,1";"";""
"15/06/2023";"1200";"26,8";"69,0";"986,8";"1,0";"140,0";"0,0";"";"";"20,9";"0,0"
"15/06/2023";"1800";"35,8";"";"980,7";"1,0";"140,0";"4,0";"";"";"";""
"16/06/2023";"0000";"29,4";"70,0";"982,6";"0,0";"0,0";"0,0";"6,60";"36,3";"";""
"16/06/2023";"1200";"28,0";"68,0";"986,6";"1,0";"50,0";"6,0";"";"";"21,1";"0,0"
"16/06/2023";"1800";"35,2";"55,0";"981,2";"1,0";"50,0";"6,0";"";"";"";""
"17/06/2023";"0000";"30,0";"77,0";"982,7";"0,0";"0,0";"5,0";"9,10";"36,1";"";""
"17/06/2023";"1200";"29,6";"64,0";"986,1";"1,0";"50,0";"0,0";"";"";"23,1";"0,0"
"17/06/2023";"1800";"35,8";"";"982,0";"1,0";"140,0";"2,0";"";"";"";""
"18/06/2023";"0000";"30,0";"67,0";"983,2";"0,0";"0,0";"0,0";"7,80";"36,7";"";""
"18/06/2023";"1200";"26,8";"68,0";"985,4";"1,0";"140,0";"0,0";"";"";"20,1";"0,0"
"18/06/2023";"1800";"36,2";"";"981,4";"1,0";"50,0";"2,0";"";"";"";""
"19/06/2023";"0000";"29,6";"65,0";"982,6";"0,0";"0,0";"0,0";"9,10";"37,1";"";""
"19/06/2023";"1200";"26,6";"68,0";"986,4";"1,0";"140,0";"0,0";"";"";"21,1";"0,0"
"19/06/2023";"1800";"36,0";"";"982,7";"1,0";"140,0";"2,0";"";"";"";""
"20/06/2023";"0000";"30,2";"62,0";"983,1";"0,0";"0,0";"0,0";"8,30";"35,1";"";""
"20/06/2023";"1200";"27,0";"63,0";"986,8";"1,0";"140,0";"4,0";"";"";"21,1";"0,0"
"20/06/2023";"1800";"34,0";"";"982,6";"1,0";"140,0";"4,0";"";"";"";""
"21/06/2023";"0000";"30,0";"67,0";"982,9";"0,0";"0,0";"0,0";"9,00";"35,7";"";""
"21/06/2023";"1200";"27,2";"63,0";"986,6";"1,0";"50,0";"2,0";"";"";"20,1";"0,0"
"21/06/2023";"1800";"34,8";"";"982,6";"1,0";"140,0";"4,0";"";"";"";""
"22/06/2023";"0000";"29,8";"66,0";"982,8";"1,0";"140,0";"4,0";"8,30";"35,3";"";""
"22/06/2023";"1200";"26,6";"65,0";"985,6";"1,0";"140,0";"2,0";"";"";"21,9";"0,0"
"22/06/2023";"1800";"34,6";"";"981,8";"1,0";"140,0";"4,0";"";"";"";""
"23/06/2023";"0000";"29,0";"66,0";"982,7";"0,0";"0,0";"0,0";"9,10";"35,1";"";""
"23/06/2023";"1200";"27,0";"58,0";"985,8";"1,0";"140,0";"0,0";"";"";"21,1";"0,0"
"23/06/2023";"1800";"34,4";"";"981,9";"1,0";"140,0";"0,0";"";"";"";""
"24/06/2023";"0000";"29,2";"62,0";"982,8";"0,0";"0,0";"0,0";"8,90";"35,7";"";""
"24/06/2023";"1200";"26,0";"67,0";"986,4";"1,0";"50,0";"0,0";"";"";"18,1";"0,0"
"24/06/2023";"1800";"35,0";"";"982,4";"1,0";"50,0";"2,0";"";"";"";""
"25/06/2023";"0000";"29,4";"63,0";"982,9";"0,0";"0,0";"0,0";"8,60";"35,8";"";""
"25/06/2023";"1200";"26,6";"66,0";"985,6";"1,0";"140,0";"0,0";"";"";"21,1";"0,0"
"25/06/2023";"1800";"35,4";"";"982,2";"1,0";"140,0";"2,0";"";"";"";""
"26/06/2023";"0000";"30,0";"59,0";"982,8";"0,0";"0,0";"2,0";"8,90";"35,5";"";""
"26/06/2023";"1200";"24,8";"66,0";"985,4";"1,0";"50,0";"2,0";"";"";"20,1";"0,0"
"26/06/2023";"1800";"35,0";"";"981,9";"1,0";"140,0";"2,0";"";"";"";""
"27/06/2023";"0000";"29,4";"60,0";"982,8";"0,0";"0,0";"2,0";"8,80";"34,9";"";""
"27/06/2023";"1200";"24,6";"69,0";"985,8";"1,0";"140,0";"2,0";"";"";"20,1";"0,0"
"27/06/2023";"1800";"33,4";"50,0";"981,6";"1,0";"140,0";"4,0";"";"";"";""
"28/06/2023";"0000";"29,0";"68,0";"983,1";"0,0";"0,0";"0,0";"9,00";"36,3";"";""
"28/06/2023";"1200";"28,0";"";"985,8";"1,0";"140,0";"0,0";"";"";"20,1";"0,0"
"28/06/2023";"1800";"35,6";"";"981,8";"1,0";"140,0";"4,0";"";"";"";""
"29/06/2023";"0000";"30,0";"";"982,8";"0,0";"0,0";"4,0";"7,80";"36,7";"";""
"29/06/2023";"1200";"25,0";"82,0";"986,2";"1,0";"140,0";"2,0";"";"";"23,1";"0,0"
"29/06/2023";"1800";"36,0";"";"982,6";"1,0";"140,0";"2,0";"";"";"";""
"30/06/2023";"0000";"30,0";"73,0";"983,0";"0,0";"0,0";"2,0";"8,30";"36,7";"";""
"30/06/2023";"1200";"28,0";"58,0";"986,2";"1,0";"140,0";"0,0";"";"";"20,1";"0,0"
"30/06/2023";"1800";"35,2";"53,0";"982,4";"1,0";"140,0";"4,0";"";"";"";""
"01/07/2023";"0000";"30,2";"76,0";"983,2";"0,0";"0,0";"0,0";"9,10";"36,5";"";""
"01/07/2023";"1200";"28,2";"57,0";"985,7";"1,0";"50,0";"0,0";"";"";"21,1";"0,0"
"01/07/2023";"1800";"36,0";"";"981,4";"1,0";"140,0";"2,0";"";"";"";""
"02/07/2023";"0000";"30,0";"68,0";"982,0";"0,0";"0,0";"2,0";"8,90";"35,7";"";""
"02/07/2023";"1200";"28,0";"55,0";"985,4";"1,0";"50,0";"2,0";"";"";"22,1";"0,0"
"02/07/2023";"1800";"34,8";"";"981,0";"1,0";"50,0";"2,0";"";"";"";""
"03/07/2023";"0000";"28,8";"71,0";"981,8";"0,0";"0,0";"0,0";"8,80";"37,5";"";""
"03/07/2023";"1200";"25,0";"70,0";"984,8";"1,0";"140,0";"2,0";"";"";"21,7";"0,0"
"03/07/2023";"1800";"";"";"";"";"";"";"";"";"";""
"04/07/2023";"0000";"30,0";"73,0";"982,8";"0,0";"0,0";"2,0";"9,40";"37,5";"";""
"04/07/2023";"1200";"26,0";"67,0";"985,2";"1,0";"140,0";"0,0";"";"";"21,1";"0,0"
"04/07/2023";"1800";"";"";"";"";"";"";"";"";"";""
"05/07/2023";"0000";"30,2";"65,0";"982,6";"0,0";"0,0";"0,0";"9,30";"34,1";"";""
"05/07/2023";"1200";"26,2";"56,0";"987,2";"1,0";"140,0";"0,0";"";"";"20,1";"0,0"
"05/07/2023";"1800";"";"";"";"";"";"";"";"";"";""
"06/07/2023";"0000";"29,0";"55,0";"983,8";"0,0";"0,0";"0,0";"9,20";"35,3";"";""
"06/07/2023";"1200";"23,8";"";"986,6";"1,0";"140,0";"0,0";"";"";"19,7";"0,0"
"06/07/2023";"1800";"";"";"";"";"";"";"";"";"";""
"07/07/2023";"0000";"28,8";"67,0";"983,6";"0,0";"0,0";"0,0";"8,80";"35,5";"";""
"07/07/2023";"1200";"26,6";"64,0";"985,6";"1,0";"50,0";"2,0";"";"";"19,9";"0,0"
"07/07/2023";"1800";"";"";"";"";"";"";"";"";"";""
"08/07/2023";"0000";"29,6";"61,0";"982,4";"0,0";"0,0";"0,0";"8,90";"37,5";"";""
"08/07/2023";"1200";"27,0";"67,0";"984,8";"1,0";"140,0";"0,0";"";"";"19,3";"0,0"
"08/07/2023";"1800";"";"";"";"";"";"";"";"";"";""
"09/07/2023";"0000";"30,0";"67,0";"983,2";"0,0";"0,0";"0,0";"";"";"";""
"09/07/2023";"1200";"";"";"";"";"";"";"";"";"";""
"09/07/2023";"1800";"";"";"";"";"";"";"";"";"";""
"10/07/2023";"0000";"";"";"";"";"";"";"8,40";"37,3";"";""
"10/07/2023";"1200";"26,2";"73,0";"984,8";"1,0";"50,0";"2,0";"";"";"21,1";"0,0"
"10/07/2023";"1800";"";"";"";"";"";"";"";"";"";""
"11/07/2023";"0000";"29,8";"66,0";"982,2";"0,0";"0,0";"0,0";"9,10";"37,8";"";""
"11/07/2023";"1200";"25,6";"71,0";"985,2";"1,0";"50,0";"0,0";"";"";"21,5";"0,0"
"11/07/2023";"1800";"";"";"";"";"";"";"";"";"";""
"12/07/2023";"0000";"30,2";"64,0";"981,9";"0,0";"0,0";"0,0";"9,20";"37,7";"";""
"12/07/2023";"1200";"28,2";"60,0";"983,4";"1,0";"140,0";"0,0";"";"";"21,1";"0,0"
"12/07/2023";"1800";"";"";"";"";"";"";"";"";"";""
"13/07/2023";"0000";"30,0";"65,0";"980,2";"0,0";"0,0";"0,0";"9,20";"38,0";"";""
"13/07/2023";"1200";"24,0";"78,0";"983,3";"1,0";"50,0";"2,0";"";"";"21,5";"0,0"
"13/07/2023";"1800";"";"";"";"";"";"";"";"";"";""
"14/07/2023";"0000";"31,0";"64,0";"978,9";"0,0";"0,0";"0,0";"8,60";"40,1";"";""
"14/07/2023";"1200";"27,0";"67,0";"983,8";"1,0";"230,0";"0,0";"";"";"20,9";"0,0"
"14/07/2023";"1800";"";"";"";"";"";"";"";"";"";""
"15/07/2023";"0000";"31,0";"56,0";"979,0";"0,0";"0,0";"0,0";"9,20";"36,5";"";""
"15/07/2023";"1200";"28,8";"64,0";"983,6";"1,0";"140,0";"2,0";"";"";"21,7";"0,0"
"15/07/2023";"1800";"";"";"";"";"";"";"";"";"";""
"16/07/2023";"0000";"30,2";"62,0";"980,0";"0,0";"0,0";"0,0";"";"";"";""
"16/07/2023";"1200";"";"";"";"";"";"";"";"";"";""
"16/07/2023";"1800";"";"";"";"";"";"";"";"";"";""
"17/07/2023";"0000";"";"";"";"";"";"";"8,50";"36,9";"";""
"17/07/2023";"1200";"24,0";"";"986,6";"1,0";"50,0";"0,0";"";"";"19,9";"0,0"
"17/07/2023";"1800";"";"";"";"";"";"";"";"";"";""
"18/07/2023";"0000";"30,4";"52,0";"983,2";"0,0";"0,0";"0,0";"9,20";"37,7";"";""
"18/07/2023";"1200";"25,6";"55,0";"988,0";"1,0";"140,0";"0,0";"";"";"18,1";"0,0"
"18/07/2023";"1800";"";"";"";"";"";"";"";"";"";""
"19/07/2023";"0000";"30,4";"54,0";"988,7";"0,0";"0,0";"0,0";"9,20";"38,1";"";""
"19/07/2023";"1200";"25,6";"60,0";"984,4";"1,0";"50,0";"0,0";"";"";"19,5";"0,0"
"19/07/2023";"1800";"";"";"";"";"";"";"";"";"";""
"20/07/2023";"0000";"30,2";"61,0";"985,1";"0,0";"0,0";"0,0";"9,20";"35,1";"";""
"20/07/2023";"1200";"26,6";"54,0";"989,0";"1,0";"140,0";"0,0";"";"";"18,5";"0,0"
"20/07/2023";"1800";"";"";"";"";"";"";"";"";"";""
"21/07/2023";"0000";"28,8";"50,0";"985,3";"0,0";"0,0";"0,0";"9,10";"35,1";"";""
"21/07/2023";"1200";"26,0";"48,0";"988,5";"1,0";"140,0";"0,0";"";"";"17,8";"0,0"
"21/07/2023";"1800";"";"";"";"";"";"";"";"";"";""
"22/07/2023";"0000";"29,0";"55,0";"985,0";"0,0";"0,0";"5,0";"9,10";"35,3";"";""
"22/07/2023";"1200";"23,2";"59,0";"987,8";"1,0";"50,0";"0,0";"";"";"17,5";"0,0"
"22/07/2023";"1800";"";"";"";"";"";"";"";"";"";""
"23/07/2023";"0000";"29,0";"55,0";"984,0";"0,0";"0,0";"0,0";"";"";"";""
"23/07/2023";"1200";"";"";"";"";"";"";"";"";"";""
"23/07/2023";"1800";"";"";"";"";"";"";"";"";"";""
"24/07/2023";"0000";"";"";"";"";"";"";"8,90";"36,4";"";""
"24/07/2023";"1200";"23,6";"64,0";"988,0";"1,0";"140,0";"0,0";"";"";"17,7";"0,0"
"24/07/2023";"1800";"";"";"";"";"";"";"";"";"";""
"25/07/2023";"0000";"29,0";"65,0";"983,2";"0,0";"0,0";"0,0";"9,20";"37,1";"";""
"25/07/2023";"1200";"23,0";"66,0";"987,2";"1,0";"230,0";"0,0";"";"";"17,7";"0,0"
"25/07/2023";"1800";"";"";"";"";"";"";"";"";"";""
"26/07/2023";"0000";"30,0";"67,0";"982,2";"0,0";"0,0";"0,0";"9,00";"38,1";"";""
"26/07/2023";"1200";"25,4";"59,0";"985,3";"1,0";"320,0";"0,0";"";"";"18,7";"0,0"
"26/07/2023";"1800";"";"";"";"";"";"";"";"";"";""
"27/07/2023";"0000";"30,4";"66,0";"982,1";"0,0";"0,0";"0,0";"9,00";"39,5";"";""
"27/07/2023";"1200";"27,6";"53,0";"986,7";"1,0";"140,0";"0,0";"";"";"18,5";"0,0"
"27/07/2023";"1800";"";"";"";"";"";"";"";"";"";""
"28/07/2023";"0000";"30,6";"59,0";"982,6";"0,0";"0,0";"2,0";"8,90";"38,5";"";""
"28/07/2023";"1200";"25,0";"62,0";"986,8";"1,0";"50,0";"0,0";"";"";"19,1";"0,0"
"28/07/2023";"1800";"";"";"";"";"";"";"";"";"";""
"29/07/2023";"0000";"30,6";"60,0";"983,4";"0,0";"0,0";"0,0";"9,10";"39,5";"";""
"29/07/2023";"1200";"28,2";"54,0";"987,1";"1,0";"140,0";"0,0";"";"";"18,1";"0,0"
"29/07/2023";"1800";"";"";"";"";"";"";"";"";"";""
"30/07/2023";"0000";"30,6";"63,0";"983,9";"0,0";"0,0";"0,0";"";"";"";""
"30/07/2023";"1200";"";"";"";"";"";"";"";"";"";""
"30/07/2023";"1800";"";"";"";"";"";"";"";"";"";""
"31/07/2023";"0000";"";"";"";"";"";"";"8,60";"37,7";"";""
"31/07/2023";"1200";"27,0";"63,0";"988,4";"1,0";"140,0";"0,0";"";"";"21,7";"0,0"
"31/07/2023";"1800";"";"";"";"";"";"";"";"";"";""
"01/08/2023";"0000";"30,8";"59,0";"983,5";"0,0";"0,0";"0,0";"9,20";"37,7";"";""
"01/08/2023";"1200";"27,0";"54,0";"988,2";"1,0";"140,0";"0,0";"";"";"20,3";"0,0"
"01/08/2023";"1800";"36,0";"37,0";"984,4";"1,0";"140,0";"2,0";"";"";"";""
"02/08/2023";"0000";"31,0";"50,0";"983,4";"0,0";"0,0";"0,0";"8,70";"37,1";"";""
"02/08/2023";"1200";"";"";"";"";"";"";"";"";"";""
"02/08/2023";"1800";"36,0";"40,0";"982,8";"1,0";"50,0";"4,0";"";"";"";""
"03/08/2023";"0000";"30,4";"60,0";"982,4";"0,0";"0,0";"0,0";"7,40";"37,9";"";""
"03/08/2023";"1200";"27,2";"63,0";"986,8";"1,0";"50,0";"2,0";"";"";"19,7";"0,0"
"03/08/2023";"1800";"36,2";"47,0";"982,4";"1,0";"140,0";"4,0";"";"";"";""
"04/08/2023";"0000";"31,0";"69,0";"982,6";"0,0";"0,0";"0,0";"8,70";"39,3";"";""
"04/08/2023";"1200";"28,0";"59,0";"985,5";"1,0";"140,0";"0,0";"";"";"20,7";"0,0"
"04/08/2023";"1800";"37,6";"42,0";"981,9";"1,0";"140,0";"4,0";"";"";"";""
"05/08/2023";"0000";"31,2";"64,0";"982,5";"0,0";"0,0";"0,0";"8,90";"39,3";"";""
"05/08/2023";"1200";"28,6";"58,0";"987,3";"1,0";"50,0";"0,0";"";"";"21,9";"0,0"
"05/08/2023";"1800";"38,2";"41,0";"984,0";"1,0";"140,0";"4,0";"";"";"";""
"06/08/2023";"0000";"31,2";"63,0";"983,0";"0,0";"0,0";"0,0";"9,10";"39,3";"";""
"06/08/2023";"1200";"27,6";"60,0";"987,0";"1,0";"50,0";"0,0";"";"";"20,7";"0,0"
"06/08/2023";"1800";"38,6";"37,0";"982,0";"1,0";"50,0";"2,0";"";"";"";""
"07/08/2023";"0000";"31,4";"59,0";"983,2";"0,0";"0,0";"0,0";"9,20";"39,3";"";""
"07/08/2023";"1200";"27,0";"52,0";"987,2";"1,0";"140,0";"0,0";"";"";"20,7";"0,0"
"07/08/2023";"1800";"39,0";"32,0";"982,9";"1,0";"140,0";"2,0";"";"";"";""
"08/08/2023";"0000";"31,4";"63,0";"982,7";"0,0";"0,0";"0,0";"8,90";"39,5";"";""
"08/08/2023";"1200";"29,8";"50,0";"986,9";"1,0";"50,0";"0,0";"";"";"20,7";"0,0"
"08/08/2023";"1800";"38,0";"38,0";"982,1";"1,0";"50,0";"4,0";"";"";"";""
"09/08/2023";"0000";"31,4";"63,0";"981,6";"0,0";"0,0";"0,0";"9,20";"39,7";"";""
"09/08/2023";"1200";"27,6";"58,0";"986,3";"1,0";"140,0";"0,0";"";"";"22,3";"0,0"
"09/08/2023";"1800";"39,4";"";"982,2";"1,0";"50,0";"2,0";"";"";"";""
"10/08/2023";"0000";"31,6";"58,0";"981,9";"0,0";"0,0";"0,0";"9,20";"38,5";"";""
"10/08/2023";"1200";"28,0";"54,0";"986,4";"1,0";"50,0";"0,0";"";"";"21,7";"0,0"
"10/08/2023";"1800";"37,2";"40,0";"981,5";"1,0";"110,0";"2,0";"";"";"";""
"11/08/2023";"0000";"31,0";"59,0";"980,8";"0,0";"0,0";"0,0";"9,00";"37,7";"";""
"11/08/2023";"1200";"27,2";"55,0";"986,2";"1,0";"140,0";"0,0";"";"";"21,5";"0,0"
"11/08/2023";"1800";"37,2";"34,0";"981,5";"1,0";"140,0";"0,0";"";"";"";""
"12/08/2023";"0000";"30,8";"54,0";"980,8";"0,0";"0,0";"0,0";"9,00";"38,5";"";""
"12/08/2023";"1200";"27,0";"53,0";"985,5";"1,0";"50,0";"0,0";"";"";"19,7";"0,0"
"12/08/2023";"1800";"38,0";"33,0";"980,9";"1,0";"140,0";"0,0";"";"";"";""
"13/08/2023";"0000";"30,4";"54,0";"981,9";"0,0";"0,0";"0,0";"8,90";"39,1";"";""
"13/08/2023";"1200";"27,0";"53,0";"985,1";"1,0";"50,0";"0,0";"";"";"19,7";"0,0"
"13/08/2023";"1800";"36,6";"33,0";"980,6";"1,0";"50,0";"0,0";"";"";"";""
"14/08/2023";"0000";"31,0";"53,0";"981,0";"0,0";"0,0";"0,0";"8,80";"37,5";"";""
"14/08/2023";"1200";"24,0";"53,0";"985,0";"1,0";"50,0";"0,0";"";"";"18,7";"0,0"
"14/08/2023";"1800";"37,0";"34,0";"985,3";"1,0";"230,0";"2,0";"";"";"";""
"15/08/2023";"0000";"30,0";"53,0";"979,6";"0,0";"0,0";"0,0";"9,00";"38,7";"";""
"15/08/2023";"1200";"24,6";"63,0";"984,9";"1,0";"140,0";"0,0";"";"";"18,7";"0,0"
"15/08/2023";"1800";"36,8";"36,0";"980,2";"1,0";"140,0";"2,0";"";"";"";""
"16/08/2023";"0000";"30,6";"48,0";"979,8";"0,0";"0,0";"0,0";"9,00";"37,9";"";""
"16/08/2023";"1200";"27,8";"46,0";"984,0";"1,0";"140,0";"0,0";"";"";"18,7";"0,0"
"16/08/2023";"1800";"37,0";"37,0";"980,4";"1,0";"50,0";"2,0";"";"";"";""
"17/08/2023";"0000";"31,4";"62,0";"979,8";"0,0";"0,0";"0,0";"9,20";"38,1";"";""
"17/08/2023";"1200";"27,4";"52,0";"984,9";"1,0";"140,0";"0,0";"";"";"21,9";"0,0"
"17/08/2023";"1800";"37,4";"33,0";"980,1";"1,0";"140,0";"2,0";"";"";"";""
"18/08/2023";"0000";"31,6";"56,0";"978,7";"0,0";"0,0";"0,0";"9,10";"39,3";"";""
"18/08/2023";"1200";"28,0";"50,0";"983,5";"1,0";"140,0";"0,0";"";"";"20,9";"0,0"
"18/08/2023";"1800";"38,6";"35,0";"978,1";"1,0";"140,0";"2,0";"";"";"";""
"19/08/2023";"0000";"31,6";"55,0";"977,9";"0,0";"0,0";"0,0";"8,70";"40,5";"";""
"19/08/2023";"1200";"28,0";"54,0";"982,6";"1,0";"140,0";"0,0";"";"";"21,9";"0,0"
"19/08/2023";"1800";"38,0";"44,0";"978,3";"1,0";"140,0";"2,0";"";"";"";""
"20/08/2023";"0000";"31,6";"69,0";"978,9";"0,0";"0,0";"0,0";"8,90";"39,9";"";""
"20/08/2023";"1200";"31,0";"49,0";"981,9";"1,0";"50,0";"0,0";"";"";"21,7";"0,0"
"20/08/2023";"1800";"39,2";"36,0";"978,3";"1,0";"140,0";"2,0";"";"";"";""
"21/08/2023";"0000";"31,6";"67,0";"977,9";"0,0";"0,0";"0,0";"9,00";"41,3";"";""
"21/08/2023";"1200";"25,0";"70,0";"979,9";"1,0";"50,0";"0,0";"";"";"21,7";"0,0"
"21/08/2023";"1800";"40,4";"35,0";"977,7";"1,0";"50,0";"2,0";"";"";"";""
"22/08/2023";"0000";"32,0";"63,0";"977,3";"0,0";"0,0";"0,0";"8,80";"40,3";"";""
"22/08/2023";"1200";"29,4";"60,0";"981,7";"1,0";"50,0";"2,0";"";"";"23,3";"0,0"
"22/08/2023";"1800";"39,0";"40,0";"977,3";"1,0";"50,0";"2,0";"";"";"";""
"23/08/2023";"0000";"32,0";"64,0";"976,7";"0,0";"0,0";"2,0";"8,90";"38,3";"";""
"23/08/2023";"1200";"29,0";"77,0";"982,3";"1,0";"230,0";"5,0";"";"";"21,9";"21,0"
"23/08/2023";"1800";"37,0";"53,0";"977,9";"1,0";"50,0";"5,0";"";"";"";""
"24/08/2023";"0000";"31,6";"68,0";"977,8";"1,0";"50,0";"4,0";"9,00";"39,5";"";""
"24/08/2023";"1200";"26,8";"81,0";"982,8";"1,0";"140,0";"0,0";"";"";"21,7";"0,0"
"24/08/2023";"1800";"38,0";"47,0";"979,3";"1,0";"140,0";"2,0";"";"";"";""
"25/08/2023";"0000";"31,6";"67,0";"978,1";"0,0";"0,0";"0,0";"8,90";"34,1";"";""
"25/08/2023";"1200";"27,2";"78,0";"984,0";"1,0";"50,0";"10,0";"";"";"23,7";"6,0"
"25/08/2023";"1800";"";"45,0";"978,7";"1,0";"50,0";"4,0";"";"";"";""
"26/08/2023";"0000";"31,4";"66,0";"978,6";"0,0";"0,0";"0,0";"6,70";"38,9";"";""
"26/08/2023";"1200";"27,6";"75,0";"983,8";"1,0";"50,0";"10,0";"";"";"22,3";"0,0"
"26/08/2023";"1800";"37,8";"44,0";"978,1";"1,0";"50,0";"4,0";"";"";"";""
"27/08/2023";"0000";"30,8";"61,0";"978,9";"0,0";"0,0";"0,0";"8,90";"38,7";"";""
"27/08/2023";"1200";"28,6";"70,0";"984,7";"1,0";"230,0";"5,0";"";"";"21,7";"0,0"
"27/08/2023";"1800";"38,0";"44,0";"980,1";"1,0";"230,0";"4,0";"";"";"";""
"28/08/2023";"0000";"31,4";"65,0";"980,6";"0,0";"0,0";"4,0";"5,40";"37,3";"";""
"28/08/2023";"1200";"27,4";"71,0";"985,3";"1,0";"50,0";"4,0";"";"";"21,7";"0,0"
"28/08/2023";"1800";"36,0";"52,0";"982,1";"1,0";"140,0";"4,0";"";"";"";""
"29/08/2023";"0000";"30,6";"69,0";"981,4";"0,0";"0,0";"10,0";"7,50";"36,9";"";""
"29/08/2023";"1200";"27,8";"76,0";"986,0";"1,0";"50,0";"10,0";"";"";"24,1";"0,0"
"29/08/2023";"1800";"35,2";"53,0";"981,9";"1,0";"140,0";"6,0";"";"";"";""
"30/08/2023";"0000";"30,0";"67,0";"981,6";"0,0";"0,0";"5,0";"8,00";"38,9";"";""
"30/08/2023";"1200";"27,0";"77,0";"985,3";"1,0";"50,0";"6,0";"";"";"22,1";"0,2"
"30/08/2023";"1800";"37,6";"48,0";"980,7";"1,0";"140,0";"4,0";"";"";"";""
"31/08/2023";"0000";"31,4";"76,0";"980,7";"0,0";"0,0";"4,0";"8,50";"39,7";"";""
"31/08/2023";"1200";"25,2";"83,0";"985,0";"1,0";"230,0";"10,0";"";"";"22,7";"3,2"
"31/08/2023";"1800";"38,2";"46,0";"981,2";"1,0";"140,0";"4,0";"";"";"";""
"01/09/2023";"0000";"27,0";"85,0";"982,1";"1,0";"50,0";"5,0";"5,70";"36,7";"";""
"01/09/2023";"1200";"26,2";"83,0";"985,6";"1,0";"50,0";"10,0";"";"";"20,9";"8,0"
"01/09/2023";"1800";"35,4";"55,0";"981,2";"1,0";"50,0";"10,0";"";"";"";""
"02/09/2023";"0000";"30,0";"80,0";"981,0";"0,0";"0,0";"0,0";"8,20";"37,5";"";""
"02/09/2023";"1200";"25,2";"90,0";"985,2";"1,0";"50,0";"10,0";"";"";"21,1";"0,4"
"02/09/2023";"1800";"36,6";"45,0";"980,1";"1,0";"50,0";"4,0";"";"";"";""
"03/09/2023";"0000";"30,0";"60,0";"980,8";"0,0";"0,0";"0,0";"9,20";"38,3";"";""
"03/09/2023";"1200";"26,4";"64,0";"984,6";"1,0";"50,0";"0,0";"";"";"19,1";"0,0"
"03/09/2023";"1800";"36,8";"45,0";"981,2";"1,0";"50,0";"2,0";"";"";"";""
"04/09/2023";"0000";"31,2";"66,0";"981,3";"0,0";"0,0";"0,0";"9,30";"40,1";"";""
"04/09/2023";"1200";"25,8";"77,0";"985,6";"1,0";"140,0";"0,0";"";"";"21,9";"0,0"
"04/09/2023";"1800";"37,8";"32,0";"983,4";"1,0";"140,0";"0,0";"";"";"";""
"05/09/2023";"0000";"31,6";"57,0";"981,8";"0,0";"0,0";"0,0";"9,20";"40,1";"";""
"05/09/2023";"1200";"24,8";"72,0";"985,4";"1,0";"140,0";"0,0";"";"";"20,7";"0,0"
"05/09/2023";"1800";"38,8";"38,0";"981,8";"1,0";"320,0";"2,0";"";"";"";""
"06/09/2023";"0000";"31,6";"52,0";"981,7";"0,0";"0,0";"0,0";"8,90";"39,5";"";""
"06/09/2023";"1200";"27,8";"60,0";"984,5";"1,0";"140,0";"0,0";"";"";"21,7";"0,0"
"06/09/2023";"1800";"38,0";"44,0";"979,9";"1,0";"140,0";"4,0";"";"";"";""
"07/09/2023";"0000";"31,6";"64,0";"980,3";"0,0";"0,0";"0,0";"7,00";"37,3";"";""
"07/09/2023";"1200";"30,2";"50,0";"984,6";"1,0";"50,0";"4,0";"";"";"21,7";"0,0"
"07/09/2023";"1800";"36,0";"39,0";"951,3";"1,0";"50,0";"4,0";"";"";"";""
"08/09/2023";"0000";"31,0";"55,0";"981,7";"0,0";"0,0";"0,0";"9,50";"39,3";"";""
"08/09/2023";"1200";"29,0";"52,0";"985,1";"1,0";"50,0";"0,0";"";"";"20,3";"0,0"
"08/09/2023";"1800";"37,8";"32,0";"981,1";"1,0";"50,0";"2,0";"";"";"";""
"09/09/2023";"0000";"32,6";"60,0";"981,9";"0,0";"0,0";"0,0";"9,60";"40,1";"";""
"09/09/2023";"1200";"27,6";"54,0";"985,1";"1,0";"50,0";"0,0";"";"";"20,5";"0,0"
"09/09/2023";"1800";"38,6";"34,0";"981,2";"1,0";"140,0";"2,0";"";"";"";""
"10/09/2023";"0000";"31,6";"61,0";"981,6";"0,0";"0,0";"0,0";"9,40";"40,3";"";""
"10/09/2023";"1200";"26,8";"52,0";"984,5";"1,0";"140,0";"0,0";"";"";"21,7";"0,0"
"10/09/2023";"1800";"39,0";"33,0";"980,5";"1,0";"140,0";"2,0";"";"";"";""
"11/09/2023";"0000";"32,0";"48,0";"980,4";"0,0";"0,0";"0,0";"9,10";"39,9";"";""
"11/09/2023";"1200";"26,4";"56,0";"984,3";"1,0";"140,0";"0,0";"";"";"21,7";"0,0"
"11/09/2023";"1800";"38,8";"39,0";"979,7";"1,0";"140,0";"2,0";"";"";"";""
"12/09/2023";"0000";"31,6";"66,0";"980,4";"0,0";"0,0";"2,0";"9,50";"40,5";"";""
"12/09/2023";"1200";"27,0";"63,0";"985,3";"1,0";"50,0";"2,0";"";"";"23,5";"0,0"
"12/09/2023";"1800";"39,4";"37,0";"980,7";"1,0";"140,0";"2,0";"";"";"";""
"13/09/2023";"0000";"32,0";"57,0";"980,9";"0,0";"0,0";"0,0";"9,40";"40,9";"";""
"13/09/2023";"1200";"27,2";"56,0";"984,5";"1,0";"50,0";"0,0";"";"";"21,7";"0,0"
"13/09/2023";"1800";"39,8";"38,0";"978,5";"1,0";"50,0";"2,0";"";"";"";""
"14/09/2023";"0000";"32,0";"57,0";"979,6";"0,0";"0,0";"0,0";"9,50";"41,3";"";""
"14/09/2023";"1200";"27,8";"57,0";"983,8";"1,0";"50,0";"0,0";"";"";"21,8";"0,0"
"14/09/2023";"1800";"40,4";"39,0";"979,5";"1,0";"50,0";"2,0";"";"";"";""
"15/09/2023";"0000";"32,0";"53,0";"980,5";"0,0";"0,0";"0,0";"9,50";"41,5";"";""
"15/09/2023";"1200";"29,0";"53,0";"983,1";"1,0";"140,0";"0,0";"";"";"21,7";"0,0"
"15/09/2023";"1800";"41,0";"30,0";"977,6";"1,0";"140,0";"0,0";"";"";"";""
"16/09/2023";"0000";"32,0";"61,0";"978,3";"0,0";"0,0";"0,0";"9,50";"40,1";"";""
"16/09/2023";"1200";"30,0";"59,0";"983,9";"1,0";"50,0";"0,0";"";"";"22,5";"0,0"
"16/09/2023";"1800";"";"36,0";"978,2";"1,0";"50,0";"4,0";"";"";"";""
"17/09/2023";"0000";"31,6";"58,0";"979,8";"0,0";"0,0";"0,0";"9,40";"40,5";"";""
"17/09/2023";"1200";"30,0";"60,0";"984,7";"0,8";"50,0";"1,0";"";"";"23,7";"0,0"
"17/09/2023";"1800";"38,8";"34,0";"979,9";"0,8";"50,0";"1,0";"";"";"";""
"18/09/2023";"0000";"31,6";"64,0";"980,4";"0,7";"0,0";"0,0";"9,30";"40,3";"";""
"18/09/2023";"1200";"26,4";"63,0";"983,9";"1,0";"140,0";"0,0";"";"";"23,7";"0,0"
"18/09/2023";"1800";"39,0";"39,0";"980,0";"1,0";"50,0";"2,0";"";"";"";""
"19/09/2023";"0000";"31,6";"64,0";"979,8";"0,0";"0,0";"0,0";"9,10";"40,3";"";""
"19/09/2023";"1200";"27,4";"58,0";"983,4";"1,0";"140,0";"0,0";"";"";"23,7";"0,0"
"19/09/2023";"1800";"39,2";"36,0";"979,2";"1,0";"320,0";"2,0";"";"";"";""
"20/09/2023";"0000";"31,4";"66,0";"979,0";"0,0";"0,0";"0,0";"9,30";"41,1";"";""
"20/09/2023";"1200";"29,4";"55,0";"983,8";"1,0";"140,0";"0,0";"";"";"22,7";"0,0"
"20/09/2023";"1800";"39,6";"44,0";"978,9";"1,0";"50,0";"4,0";"";"";"";""
"21/09/2023";"0000";"31,8";"61,0";"978,9";"0,0";"0,0";"0,0";"9,40";"40,9";"";""
"21/09/2023";"1200";"29,0";"50,0";"983,2";"1,0";"50,0";"0,0";"";"";"23,0";"0,0"
"21/09/2023";"1800";"40,4";"";"978,8";"1,0";"140,0";"0,0";"";"";"";""
"22/09/2023";"0000";"31,6";"52,0";"978,6";"0,0";"0,0";"0,0";"8,60";"41,1";"";""
"22/09/2023";"1200";"29,0";"50,0";"982,5";"1,0";"50,0";"0,0";"";"";"23,9";"0,0"
"22/09/2023";"1800";"40,0";"31,0";"978,2";"1,0";"50,0";"5,0";"";"";"";""
"23/09/2023";"0000";"32,0";"49,0";"978,9";"0,0";"0,0";"0,0";"9,30";"41,5";"";""
"23/09/2023";"1200";"30,6";"57,0";"982,7";"1,0";"50,0";"0,0";"";"";"22,9";"0,0"
"23/09/2023";"1800";"40,6";"35,0";"978,8";"1,0";"50,0";"4,0";"";"";"";""
"24/09/2023";"0000";"32,0";"55,0";"978,8";"0,0";"0,0";"0,0";"8,30";"41,5";"";""
"24/09/2023";"1200";"30,0";"57,0";"983,1";"1,0";"50,0";"0,0";"";"";"22,9";"0,0"
"24/09/2023";"1800";"41,0";"36,0";"978,3";"1,0";"50,0";"2,0";"";"";"";""
"25/09/2023";"0000";"32,0";"63,0";"977,4";"0,0";"0,0";"0,0";"9,40";"41,9";"";""
"25/09/2023";"1200";"28,0";"66,0";"983,0";"1,0";"50,0";"0,0";"";"";"22,9";"0,0"
"25/09/2023";"1800";"41,2";"38,0";"978,2";"1,0";"50,0";"2,0";"";"";"";""
"26/09/2023";"0000";"32,4";"61,0";"978,6";"0,0";"0,0";"0,0";"9,60";"41,7";"";""
"26/09/2023";"1200";"31,2";"58,0";"981,7";"1,0";"320,0";"0,0";"";"";"23,7";"0,0"
"26/09/2023";"1800";"40,6";"40,0";"977,5";"1,0";"320,0";"4,0";"";"";"";""
"27/09/2023";"0000";"32,2";"60,0";"978,2";"1,0";"50,0";"4,0";"5,60";"39,3";"";""
"27/09/2023";"1200";"28,4";"72,0";"982,7";"1,0";"230,0";"10,0";"";"";"23,7";"0,0"
"27/09/2023";"1800";"38,8";"44,0";"977,8";"1,0";"230,0";"4,0";"";"";"";""
"28/09/2023";"0000";"28,8";"65,0";"978,6";"1,0";"230,0";"4,0";"2,60";"34,6";"";""
"28/09/2023";"1200";"29,0";"70,0";"982,7";"1,0";"50,0";"10,0";"";"";"22,7";"0,0"
"28/09/2023";"1800";"";"47,0";"979,0";"1,0";"50,0";"10,0";"";"";"";""
"29/09/2023";"0000";"29,8";"63,0";"979,8";"1,0";"50,0";"10,0";"7,90";"40,1";"";""
"29/09/2023";"1200";"30,0";"67,0";"983,5";"1,0";"140,0";"10,0";"";"";"21,5";"0,0"
"29/09/2023";"1800";"39,2";"40,0";"979,4";"1,0";"230,0";"6,0";"";"";"";""
"30/09/2023";"0000";"31,6";"71,0";"979,7";"0,0";"0,0";"2,0";"9,70";"41,3";"";""
"30/09/2023";"1200";"32,0";"55,0";"983,1";"1,0";"50,0";"0,0";"";"";"22,7";"0,0"
"30/09/2023";"1800";"40,6";"32,0";"978,0";"1,0";"50,0";"4,0";"";"";"";""
"01/10/2023";"0000";"31,8";"";"978,8";"0,0";"0,0";"0,0";"9,70";"41,6";"";""
"01/10/2023";"1200";"32,4";"43,0";"982,6";"1,0";"50,0";"0,0";"";"";"22,7";"0,0"
"01/10/2023";"1800";"41,0";"32,0";"978,4";"1,0";"50,0";"0,0";"";"";"";""
"02/10/2023";"0000";"32,4";"50,0";"977,9";"0,0";"0,0";"0,0";"9,50";"41,5";"";""
"02/10/2023";"1200";"27,6";"57,0";"982,3";"1,0";"50,0";"0,0";"";"";"22,9";"0,0"
"02/10/2023";"1800";"40,4";"36,0";"977,8";"1,0";"50,0";"4,0";"";"";"";""
"03/10/2023";"0000";"32,2";"64,0";"977,8";"0,0";"0,0";"0,0";"9,80";"41,3";"";""
"03/10/2023";"1200";"32,2";"56,0";"981,8";"1,0";"50,0";"0,0";"";"";"24,5";"0,0"
"03/10/2023";"1800";"40,4";"36,0";"976,8";"1,0";"50,0";"2,0";"";"";"";""
"04/10/2023";"0000";"32,2";"66,0";"977,7";"0,0";"0,0";"0,0";"9,50";"41,3";"";""
"04/10/2023";"1200";"31,6";"58,0";"982,0";"1,0";"50,0";"0,0";"";"";"24,3";"0,0"
"04/10/2023";"1800";"40,4";"36,0";"976,9";"1,0";"230,0";"2,0";"";"";"";""
"05/10/2023";"0000";"32,2";"66,0";"977,3";"0,0";"0,0";"0,0";"9,60";"41,5";"";""
"05/10/2023";"1200";"30,6";"82,0";"982,8";"1,0";"50,0";"2,0";"";"";"24,6";"0,0"
"05/10/2023";"1800";"40,4";"37,0";"976,8";"1,0";"320,0";"4,0";"";"";"";""
"06/10/2023";"0000";"32,2";"59,0";"977,7";"0,0";"0,0";"4,0";"9,20";"41,5";"";""
"06/10/2023";"1200";"31,6";"61,0";"983,9";"1,0";"50,0";"10,0";"";"";"21,7";"0,0"
"06/10/2023";"1800";"40,6";"38,0";"978,7";"1,0";"320,0";"4,0";"";"";"";""
"07/10/2023";"0000";"31,0";"59,0";"980,9";"1,0";"320,0";"5,0";"6,80";"36,9";"";""
"07/10/2023";"1200";"24,4";"86,0";"985,2";"1,0";"140,0";"10,0";"";"";"23,7";"11,4"
"07/10/2023";"1800";"36,0";"49,0";"980,2";"1,0";"50,0";"2,0";"";"";"";""
"08/10/2023";"0000";"30,4";"69,0";"981,9";"0,0";"0,0";"0,0";"3,10";"34,1";"";""
"08/10/2023";"1200";"26,8";"82,0";"985,1";"1,0";"50,0";"10,0";"";"";"22,6";"1,6"
"08/10/2023";"1800";"33,0";"61,0";"981,8";"1,0";"50,0";"4,0";"";"";"";""
"09/10/2023";"0000";"28,0";"72,0";"980,8";"1,0";"50,0";"10,0";"7,90";"38,1";"";""
"09/10/2023";"1200";"26,0";"87,0";"984,0";"1,0";"320,0";"10,0";"";"";"23,9";"21,0"
"09/10/2023";"1800";"37,0";"47,0";"979,8";"1,0";"320,0";"4,0";"";"";"";""
"10/10/2023";"0000";"30,4";"76,0";"980,6";"0,0";"0,0";"0,0";"10,10";"40,3";"";""
"10/10/2023";"1200";"29,0";"74,0";"983,8";"1,0";"230,0";"0,0";"";"";"23,5";"0,0"
"10/10/2023";"1800";"39,0";"42,0";"978,4";"1,0";"50,0";"4,0";"";"";"";""
"11/10/2023";"0000";"31,6";"66,0";"979,7";"0,0";"0,0";"0,0";"7,90";"38,5";"";""
"11/10/2023";"1200";"28,6";"79,0";"982,5";"1,0";"50,0";"7,0";"";"";"23,7";"0,0"
"11/10/2023";"1800";"36,6";"53,0";"978,6";"1,0";"320,0";"4,0";"";"";"";""
"12/10/2023";"0000";"31,0";"67,0";"980,6";"1,0";"320,0";"10,0";"8,50";"38,1";"";""
"12/10/2023";"1200";"32,0";"61,0";"983,4";"1,0";"320,0";"10,0";"";"";"22,7";"0,0"
"12/10/2023";"1800";"37,0";"44,0";"978,1";"1,0";"50,0";"4,0";"";"";"";""
"13/10/2023";"0000";"31,0";"62,0";"980,4";"0,0";"0,0";"0,0";"9,80";"39,3";"";""
"13/10/2023";"1200";"29,2";"67,0";"983,8";"1,0";"320,0";"0,0";"";"";"22,7";"0,0"
"13/10/2023";"1800";"38,0";"47,0";"978,9";"1,0";"50,0";"4,0";"";"";"";""
"14/10/2023";"0000";"31,6";"64,0";"979,7";"0,0";"0,0";"0,0";"6,50";"38,7";"";""
"14/10/2023";"1200";"26,0";"82,0";"984,1";"1,0";"50,0";"10,0";"";"";"23,7";"19,0"
"14/10/2023";"1800";"38,0";"45,0";"978,6";"1,0";"230,0";"5,0";"";"";"";""
"15/10/2023";"0000";"26,2";"63,0";"980,8";"0,0";"0,0";"0,0";"7,50";"37,3";"";""
"15/10/2023";"1200";"25,8";"85,0";"984,4";"1,0";"50,0";"10,0";"";"";"22,9";"18,0"
"15/10/2023";"1800";"34,6";"53,0";"980,9";"1,0";"50,0";"5,0";"";"";"";""
"16/10/2023";"0000";"31,2";"67,0";"980,5";"0,0";"0,0";"4,0";"9,70";"37,9";"";""
"16/10/2023";"1200";"27,6";"82,0";"983,7";"1,0";"320,0";"2,0";"";"";"22,5";"0,0"
"16/10/2023";"1800";"35,8";"49,0";"979,9";"1,0";"230,0";"4,0";"";"";"";""
"17/10/2023";"0000";"31,0";"65,0";"980,4";"0,0";"0,0";"0,0";"10,20";"37,9";"";""
"17/10/2023";"1200";"28,0";"76,0";"983,1";"1,0";"140,0";"2,0";"";"";"22,7";"0,0"
"17/10/2023";"1800";"37,0";"40,0";"978,7";"1,0";"140,0";"4,0";"";"";"";""
"18/10/2023";"0000";"30,0";"64,0";"979,4";"0,0";"0,0";"2,0";"10,10";"39,3";"";""
"18/10/2023";"1200";"26,8";"75,0";"983,1";"1,0";"140,0";"0,0";"";"";"20,3";"0,0"
"18/10/2023";"1800";"37,0";"42,0";"978,8";"1,0";"50,0";"2,0";"";"";"";""
"19/10/2023";"0000";"30,2";"65,0";"978,8";"0,0";"0,0";"0,0";"10,10";"38,5";"";""
"19/10/2023";"1200";"26,8";"65,0";"984,1";"1,0";"50,0";"0,0";"";"";"20,7";"0,0"
"19/10/2023";"1800";"36,6";"41,0";"979,8";"1,0";"140,0";"4,0";"";"";"";""
"20/10/2023";"0000";"30,4";"71,0";"980,1";"0,0";"0,0";"0,0";"9,80";"39,7";"";""
"20/10/2023";"1200";"30,0";"64,0";"983,7";"1,0";"50,0";"0,0";"";"";"21,7";"0,0"
"20/10/2023";"1800";"38,0";"45,0";"978,5";"1,0";"140,0";"2,0";"";"";"";""
"21/10/2023";"0000";"31,0";"68,0";"979,5";"0,0";"0,0";"0,0";"10,30";"40,5";"";""
"21/10/2023";"1200";"30,0";"60,0";"982,5";"1,0";"140,0";"0,0";"";"";"21,7";"0,0"
"21/10/2023";"1800";"39,6";"40,0";"977,0";"1,0";"230,0";"0,0";"";"";"";""
"22/10/2023";"0000";"31,4";"67,0";"978,5";"0,0";"0,0";"0,0";"8,80";"38,9";"";""
"22/10/2023";"1200";"31,0";"61,0";"982,8";"1,0";"140,0";"0,0";"";"";"23,6";"0,0"
"22/10/2023";"1800";"38,0";"45,0";"977,1";"1,0";"140,0";"4,0";"";"";"";""
"23/10/2023";"0000";"31,6";"58,0";"978,3";"0,0";"0,0";"0,0";"4,60";"38,3";"";""
"23/10/2023";"1200";"28,0";"76,0";"982,9";"1,0";"320,0";"10,0";"";"";"24,3";"0,0"
"23/10/2023";"1800";"37,0";"44,0";"977,3";"1,0";"50,0";"4,0";"";"";"";""
"24/10/2023";"0000";"31,0";"70,0";"977,9";"0,0";"0,0";"10,0";"0,30";"31,7";"";""
"24/10/2023";"1200";"24,0";"85,0";"983,0";"1,0";"230,0";"10,0";"";"";"23,9";"36,0"
"24/10/2023";"1800";"29,6";"68,0";"981,2";"1,0";"230,0";"10,0";"";"";"";""
"25/10/2023";"0000";"25,2";"88,0";"980,2";"1,0";"230,0";"5,0";"7,60";"34,5";"";""
"25/10/2023";"1200";"24,0";"93,0";"982,8";"1,0";"320,0";"10,0";"";"";"23,9";"0,0"
"25/10/2023";"1800";"33,6";"59,0";"978,6";"1,0";"320,0";"4,0";"";"";"";""
"26/10/2023";"0000";"30,0";"73,0";"978,0";"0,0";"0,0";"0,0";"9,10";"37,3";"";""
"26/10/2023";"1200";"28,0";"69,0";"981,0";"1,0";"320,0";"10,0";"";"";"23,7";"0,0"
"26/10/2023";"1800";"36,0";"52,0";"976,9";"1,0";"230,0";"5,0";"";"";"";""
"27/10/2023";"0000";"31,0";"72,0";"976,8";"0,0";"0,0";"0,0";"9,10";"37,9";"";""
"27/10/2023";"1200";"29,4";"67,0";"980,6";"1,0";"320,0";"0,0";"";"";"22,7";"0,0"
"27/10/2023";"1800";"37,0";"49,0";"975,8";"1,0";"320,0";"2,0";"";"";"";""
"28/10/2023";"0000";"31,0";"72,0";"976,6";"0,0";"0,0";"0,0";"9,10";"37,3";"";""
"28/10/2023";"1200";"27,2";"78,0";"981,3";"1,0";"320,0";"10,0";"";"";"23,9";"0,0"
"28/10/2023";"1800";"36,6";"49,0";"975,8";"1,0";"140,0";"4,0";"";"";"";""
"29/10/2023";"0000";"31,2";"64,0";"976,8";"0,0";"0,0";"0,0";"9,70";"38,3";"";""
"29/10/2023";"1200";"31,0";"69,0";"982,0";"1,0";"320,0";"2,0";"";"";"23,9";"0,0"
"29/10/2023";"1800";"37,0";"46,0";"976,6";"1,0";"320,0";"2,0";"";"";"";""
"30/10/2023";"0000";"31,4";"65,0";"976,8";"0,0";"0,0";"0,0";"9,90";"39,3";"";""
"30/10/2023";"1200";"28,0";"78,0";"982,0";"1,0";"320,0";"2,0";"";"";"23,7";"0,0"
"30/10/2023";"1800";"38,0";"40,0";"977,4";"1,0";"320,0";"2,0";"";"";"";""
"31/10/2023";"0000";"31,4";"60,0";"977,4";"0,0";"0,0";"0,0";"8,40";"38,5";"";""
"31/10/2023";"1200";"28,4";"74,0";"982,3";"1,0";"320,0";"10,0";"";"";"23,7";"0,0"
"31/10/2023";"1800";"37,0";"47,0";"977,1";"1,0";"320,0";"4,0";"";"";"";""
"01/11/2023";"0000";"31,4";"70,0";"977,9";"0,0";"0,0";"0,0";"8,20";"38,3";"";""
"01/11/2023";"1200";"28,0";"74,0";"980,7";"1,0";"320,0";"10,0";"";"";"23,7";"0,0"
"01/11/2023";"1800";"37,0";"49,0";"976,8";"1,0";"320,0";"4,0";"";"";"";""
"02/11/2023";"0000";"30,6";"63,0";"977,7";"1,0";"320,0";"10,0";"4,30";"36,9";"";""
"02/11/2023";"1200";"28,2";"71,0";"980,6";"1,0";"320,0";"10,0";"";"";"23,7";"0,0"
"02/11/2023";"1800";"36,4";"45,0";"977,1";"1,0";"230,0";"5,0";"";"";"";""
"03/11/2023";"0000";"29,2";"68,0";"977,5";"0,0";"0,0";"10,0";"1,60";"33,3";"";""
"03/11/2023";"1200";"27,8";"78,0";"982,3";"1,0";"320,0";"10,0";"";"";"23,7";"0,0"
"03/11/2023";"1800";"32,0";"67,0";"978,4";"1,0";"320,0";"10,0";"";"";"";""
"04/11/2023";"0000";"25,0";"89,0";"979,6";"0,0";"0,0";"10,0";"7,30";"37,1";"";""
"04/11/2023";"1200";"27,4";"81,0";"981,7";"1,0";"230,0";"4,0";"";"";"22,7";"12,4"
"04/11/2023";"1800";"35,0";"57,0";"976,3";"1,0";"320,0";"10,0";"";"";"";""
"05/11/2023";"0000";"27,0";"95,0";"979,0";"0,0";"0,0";"10,0";"";"33,1";"";""
"05/11/2023";"1200";"29,0";"80,0";"980,7";"1,0";"320,0";"10,0";"";"";"22,7";"11,6"
"05/11/2023";"1800";"32,0";"72,0";"976,3";"1,0";"320,0";"10,0";"";"";"";""
"06/11/2023";"0000";"27,0";"77,0";"979,0";"0,0";"0,0";"10,0";"";"28,1";"";""
"06/11/2023";"1200";"23,6";"92,0";"982,9";"1,0";"320,0";"10,0";"";"";"23,0";"47,0"
"06/11/2023";"1800";"24,0";"95,0";"982,3";"1,0";"50,0";"10,0";"";"";"";""
"07/11/2023";"0000";"23,6";"86,0";"981,8";"0,0";"0,0";"10,0";"0,00";"31,9";"";""
"07/11/2023";"1200";"24,0";"98,0";"984,0";"1,0";"320,0";"10,0";"";"";"21,9";"16,0"
"07/11/2023";"1800";"30,0";"76,0";"979,9";"1,0";"140,0";"10,0";"";"";"";""
"08/11/2023";"0000";"25,0";"98,0";"981,1";"0,0";"0,0";"10,0";"0,00";"34,1";"";""
"08/11/2023";"1200";"27,2";"86,0";"984,8";"1,0";"320,0";"5,0";"";"";"21,7";"2,4"
"08/11/2023";"1800";"33,0";"63,0";"979,8";"1,0";"50,0";"4,0";"";"";"";""
"09/11/2023";"0000";"28,6";"78,0";"980,5";"0,0";"0,0";"0,0";"";"36,1";"";""
"09/11/2023";"1200";"30,4";"63,0";"982,8";"1,0";"50,0";"4,0";"";"";"23,7";"0,0"
"09/11/2023";"1800";"35,4";"56,0";"978,3";"1,0";"50,0";"4,0";"";"";"";""
"10/11/2023";"0000";"30,0";"73,0";"979,8";"0,0";"0,0";"10,0";"";"37,1";"";""
"10/11/2023";"1200";"29,6";"69,0";"982,6";"1,0";"50,0";"0,0";"";"";"21,5";"0,0"
"10/11/2023";"1800";"36,6";"48,0";"977,3";"1,0";"50,0";"2,0";"";"";"";""
"11/11/2023";"0000";"31,0";"65,0";"978,9";"0,0";"0,0";"0,0";"";"36,7";"";""
"11/11/2023";"1200";"29,0";"70,0";"982,7";"1,0";"50,0";"2,0";"";"";"23,7";"0,0"
"11/11/2023";"1800";"35,4";"51,0";"977,3";"1,0";"140,0";"4,0";"";"";"";""
"12/11/2023";"0000";"30,0";"73,0";"978,5";"0,0";"0,0";"0,0";"";"37,5";"";""
"12/11/2023";"1200";"30,0";"67,0";"982,6";"1,0";"50,0";"0,0";"";"";"22,9";"0,0"
"12/11/2023";"1800";"36,8";"44,0";"977,6";"1,0";"140,0";"2,0";"";"";"";""
"13/11/2023";"0000";"30,6";"73,0";"978,1";"0,0";"0,0";"0,0";"";"38,3";"";""
"13/11/2023";"1200";"28,2";"73,0";"981,0";"1,0";"50,0";"0,0";"";"";"22,7";"0,0"
"13/11/2023";"1800";"36,8";"46,0";"978,3";"1,0";"50,0";"4,0";"";"";"";""
"14/11/2023";"0000";"31,6";"66,0";"978,5";"0,0";"0,0";"0,0";"";"37,9";"";""
"14/11/2023";"1200";"31,0";"62,0";"981,9";"1,0";"320,0";"0,0";"";"";"24,5";"0,0"
"14/11/2023";"1800";"37,0";"49,0";"976,5";"1,0";"50,0";"2,0";"";"";"";""
"15/11/2023";"0000";"31,4";"";"977,7";"0,0";"0,0";"0,0";"";"38,9";"";""
"15/11/2023";"1200";"31,0";"65,0";"981,5";"1,0";"50,0";"2,0";"";"";"24,6";"0,0"
"15/11/2023";"1800";"37,0";"51,0";"977,2";"1,0";"50,0";"4,0";"";"";"";""
"16/11/2023";"0000";"31,4";"71,0";"977,4";"0,0";"0,0";"0,0";"";"34,9";"";""
"16/11/2023";"1200";"25,0";"87,0";"982,1";"1,0";"230,0";"10,0";"";"";"24,6";"11,0"
"16/11/2023";"1800";"33,0";"67,0";"977,7";"1,0";"230,0";"10,0";"";"";"";""
"17/11/2023";"0000";"28,6";"75,0";"978,4";"0,0";"0,0";"10,0";"";"35,6";"";""
"17/11/2023";"1200";"27,4";"75,0";"982,8";"1,0";"320,0";"10,0";"";"";"23,3";"0,0"
"17/11/2023";"1800";"33,6";"60,0";"978,6";"1,0";"320,0";"10,0";"";"";"";""
"18/11/2023";"0000";"30,0";"73,0";"979,5";"0,0";"0,0";"10,0";"";"36,9";"";""
"18/11/2023";"1200";"28,2";"76,0";"982,7";"1,0";"320,0";"10,0";"";"";"23,5";"0,0"
"18/11/2023";"1800";"36,0";"53,0";"977,9";"1,0";"50,0";"10,0";"";"";"";""
"19/11/2023";"0000";"31,0";"65,0";"980,2";"0,0";"0,0";"0,0";"";"36,9";"";""
"19/11/2023";"1200";"30,6";"69,0";"982,6";"1,0";"320,0";"7,0";"";"";"23,5";"0,0"
"19/11/2023";"1800";"36,0";"53,0";"978,3";"1,0";"320,0";"6,0";"";"";"";""
"20/11/2023";"0000";"26,6";"75,0";"980,6";"1,0";"50,0";"10,0";"";"29,3";"";""
"20/11/2023";"1200";"26,0";"84,0";"982,0";"1,0";"50,0";"10,0";"";"";"23,7";"0,0"
"20/11/2023";"1800";"28,0";"71,0";"979,7";"1,0";"50,0";"10,0";"";"";"";""
"21/11/2023";"0000";"26,0";"82,0";"980,1";"0,0";"0,0";"0,0";"";"37,9";"";""
"21/11/2023";"1200";"28,4";"72,0";"982,0";"1,0";"50,0";"10,0";"";"";"22,7";"0,0"
"21/11/2023";"1800";"36,6";"50,0";"976,9";"1,0";"140,0";"4,0";"";"";"";""
"22/11/2023";"0000";"29,0";"75,0";"977,9";"0,0";"0,0";"0,0";"";"34,7";"";""
"22/11/2023";"1200";"30,4";"69,0";"982,4";"1,0";"50,0";"10,0";"";"";"21,7";"0,6"
"22/11/2023";"1800";"28,2";"85,0";"978,2";"1,0";"320,0";"10,0";"";"";"";""
"23/11/2023";"0000";"25,0";"90,0";"980,0";"0,0";"0,0";"10,0";"";"32,1";"";""
"23/11/2023";"1200";"26,8";"83,0";"984,2";"1,0";"50,0";"10,0";"";"";"21,7";"20,0"
"23/11/2023";"1800";"31,0";"72,0";"981,5";"1,0";"50,0";"5,0";"";"";"";""
"24/11/2023";"0000";"27,0";"85,0";"981,3";"0,0";"0,0";"10,0";"";"";"";""
"24/11/2023";"1200";"";"";"";"";"";"";"";"";"";""
"24/11/2023";"1800";"";"";"";"";"";"";"";"";"";""
"25/11/2023";"0000";"";"";"";"";"";"";"";"";"";""
"25/11/2023";"1200";"";"";"";"";"";"";"";"";"";""
"25/11/2023";"1800";"";"";"";"";"";"";"";"";"";""
"26/11/2023";"0000";"";"";"";"";"";"";"";"";"";""
"26/11/2023";"1200";"";"";"";"";"";"";"";"";"";""
"26/11/2023";"1800";"";"";"";"";"";"";"";"";"";""
"27/11/2023";"0000";"";"";"";"";"";"";"";"37,4";"";""
"27/11/2023";"1200";"27,0";"85,0";"984,3";"1,0";"50,0";"10,0";"";"";"22,5";"2,0"
"27/11/2023";"1800";"";"";"";"";"";"";"";"";"";""
"28/11/2023";"0000";"30,0";"60,0";"980,5";"0,0";"0,0";"10,0";"";"36,1";"";""
"28/11/2023";"1200";"26,0";"82,0";"984,2";"1,0";"50,0";"2,0";"";"";"19,7";"0,0"
"28/11/2023";"1800";"";"";"";"";"";"";"";"";"";""
"29/11/2023";"0000";"30,0";"67,0";"979,5";"0,0";"0,0";"0,0";"";"33,9";"";""
"29/11/2023";"1200";"27,4";"73,0";"982,0";"1,0";"230,0";"0,0";"";"";"20,1";"0,0"
"29/11/2023";"1800";"";"";"";"";"";"";"";"";"";""
"30/11/2023";"0000";"31,4";"68,0";"978,3";"0,0";"0,0";"0,0";"";"38,3";"";""
"30/11/2023";"1200";"27,4";"75,0";"980,9";"1,0";"230,0";"0,0";"";"";"22,9";"0,0"
"30/11/2023";"1800";"";"";"";"";"";"";"";"";"";""
"01/12/2023";"0000";"31,6";"63,0";"978,4";"0,0";"0,0";"0,0";"";"37,9";"";""
"01/12/2023";"1200";"28,0";"69,0";"981,9";"1,0";"320,0";"0,0";"";"";"23,9";"0,0"
"01/12/2023";"1800";"";"";"";"";"";"";"";"";"";""
"02/12/2023";"0000";"31,4";"68,0";"979,5";"0,0";"0,0";"0,0";"";"37,9";"";""
"02/12/2023";"1200";"28,4";"72,0";"981,9";"1,0";"320,0";"6,0";"";"";"23,9";"0,0"
"02/12/2023";"1800";"";"";"";"";"";"";"";"";"";""
"03/12/2023";"0000";"31,4";"62,0";"978,9";"0,0";"0,0";"0,0";"";"";"";""
"03/12/2023";"1200";"";"";"";"";"";"";"";"";"";""
"03/12/2023";"1800";"";"";"";"";"";"";"";"";"";""
"04/12/2023";"0000";"";"";"";"";"";"";"";"30,1";"";""
"04/12/2023";"1200";"25,0";"90,0";"983,3";"1,0";"50,0";"10,0";"";"";"23,1";"4,0"
"04/12/2023";"1800";"";"";"";"";"";"";"";"";"";""
"05/12/2023";"0000";"25,0";"93,0";"981,7";"0,0";"0,0";"0,0";"";"35,9";"";""
"05/12/2023";"1200";"25,0";"93,0";"984,8";"1,0";"50,0";"10,0";"";"";"21,9";"7,0"
"05/12/2023";"1800";"";"";"";"";"";"";"";"";"";""
"06/12/2023";"0000";"30,0";"73,0";"979,5";"0,0";"0,0";"0,0";"";"37,1";"";""
"06/12/2023";"1200";"27,0";"78,0";"980,7";"1,0";"140,0";"2,0";"";"";"22,9";"0,0"
"06/12/2023";"1800";"";"";"";"";"";"";"";"";"";""
"07/12/2023";"0000";"30,0";"73,0";"978,5";"0,0";"0,0";"0,0";"";"38,3";"";""
"07/12/2023";"1200";"27,8";"80,0";"981,8";"1,0";"140,0";"2,0";"";"";"23,9";"0,0"
"07/12/2023";"1800";"";"";"";"";"";"";"";"";"";""
"08/12/2023";"0000";"30,0";"67,0";"978,7";"0,0";"0,0";"0,0";"";"38,3";"";""
"08/12/2023";"1200";"26,4";"78,0";"982,8";"1,0";"50,0";"6,0";"";"";"24,3";"0,0"
"08/12/2023";"1800";"";"";"";"";"";"";"";"";"";""
"09/12/2023";"0000";"30,6";"67,0";"978,9";"0,0";"0,0";"10,0";"";"38,3";"";""
"09/12/2023";"1200";"27,8";"77,0";"980,7";"1,0";"140,0";"2,0";"";"";"23,9";"0,0"
"09/12/2023";"1800";"";"";"";"";"";"";"";"";"";""
"10/12/2023";"0000";"25,0";"92,0";"981,0";"0,0";"0,0";"10,0";"";"";"";""
"10/12/2023";"1200";"";"";"";"";"";"";"";"";"";""
"10/12/2023";"1800";"";"";"";"";"";"";"";"";"";""
"11/12/2023";"0000";"";"";"";"";"";"";"";"";"";""
"11/12/2023";"1200";"";"";"";"";"";"";"";"";"";""
"11/12/2023";"1800";"";"";"";"";"";"";"";"";"";""
"12/12/2023";"0000";"";"";"";"";"";"";"";"";"";""
"12/12/2023";"1200";"";"";"";"";"";"";"";"";"";""
"12/12/2023";"1800";"";"";"";"";"";"";"";"";"";""
"13/12/2023";"0000";"";"";"";"";"";"";"";"";"";""
"13/12/2023";"1200";"";"";"";"";"";"";"";"";"";""
"13/12/2023";"1800";"";"";"";"";"";"";"";"";"";""
"14/12/2023";"0000";"";"";"";"";"";"";"";"";"";""
"14/12/2023";"1200";"";"";"";"";"";"";"";"";"";""
"14/12/2023";"1800";"";"";"";"";"";"";"";"";"";""
"15/12/2023";"0000";"";"";"";"";"";"";"";"";"";""
"15/12/2023";"1200";"";"";"";"";"";"";"";"";"";""
"15/12/2023";"1800";"";"";"";"";"";"";"";"";"";""
"16/12/2023";"0000";"";"";"";"";"";"";"";"";"";""
"16/12/2023";"1200";"";"";"";"";"";"";"";"";"";""
"16/12/2023";"1800";"";"";"";"";"";"";"";"";"";""
"17/12/2023";"0000";"";"";"";"";"";"";"";"";"";""
"17/12/2023";"1200";"";"";"";"";"";"";"";"";"";""
"17/12/2023";"1800";"";"";"";"";"";"";"";"";"";""
"18/12/2023";"0000";"";"";"";"";"";"";"";"";"";""
"18/12/2023";"1200";"";"";"";"";"";"";"";"";"";""
"18/12/2023";"1800";"";"";"";"";"";"";"";"";"";""
"19/12/2023";"0000";"";"";"";"";"";"";"";"";"";""
"19/12/2023";"1200";"";"";"";"";"";"";"";"";"";""
"19/12/2023";"1800";"";"";"";"";"";"";"";"";"";""
"20/12/2023";"0000";"";"";"";"";"";"";"";"";"";""
"20/12/2023";"1200";"";"";"";"";"";"";"";"";"";""
"20/12/2023";"1800";"";"";"";"";"";"";"";"";"";""
"21/12/2023";"0000";"";"";"";"";"";"";"";"";"";""
"21/12/2023";"1200";"";"";"";"";"";"";"";"";"";""
"21/12/2023";"1800";"";"";"";"";"";"";"";"";"";""
"22/12/2023";"0000";"";"";"";"";"";"";"";"";"";""
"22/12/2023";"1200";"";"";"";"";"";"";"";"";"";""
"22/12/2023";"1800";"";"";"";"";"";"";"";"";"";""
"23/12/2023";"0000";"";"";"";"";"";"";"";"";"";""
"23/12/2023";"1200";"";"";"";"";"";"";"";"";"";""
"23/12/2023";"1800";"";"";"";"";"";"";"";"";"";""
"24/12/2023";"0000";"";"";"";"";"";"";"";"";"";""
"24/12/2023";"1200";"";"";"";"";"";"";"";"";"";""
"24/12/2023";"1800";"";"";"";"";"";"";"";"";"";""
"25/12/2023";"0000";"";"";"";"";"";"";"";"";"";""
"25/12/2023";"1200";"";"";"";"";"";"";"";"";"";""
"25/12/2023";"1800";"";"";"";"";"";"";"";"";"";""
"26/12/2023";"0000";"";"";"";"";"";"";"";"";"";""
"26/12/2023";"1200";"";"";"";"";"";"";"";"";"";""
"26/12/2023";"1800";"";"";"";"";"";"";"";"";"";""
"27/12/2023";"0000";"";"";"";"";"";"";"";"";"";""
"27/12/2023";"1200";"";"";"";"";"";"";"";"";"";""
"27/12/2023";"1800";"";"";"";"";"";"";"";"";"";""
"28/12/2023";"0000";"";"";"";"";"";"";"";"";"";""
"28/12/2023";"1200";"";"";"";"";"";"";"";"";"";""
"28/12/2023";"1800";"";"";"";"";"";"";"";"";"";""
"29/12/2023";"0000";"";"";"";"";"";"";"";"";"";""
"29/12/2023";"1200";"";"";"";"";"";"";"";"";"";""
"29/12/2023";"1800";"";"";"";"";"";"";"";"";"";""
"30/12/2023";"0000";"";"";"";"";"";"";"";"";"";""
"30/12/2023";"1200";"";"";"";"";"";"";"";"";"";""
"30/12/2023";"1800";"";"";"";"";"";"";"";"";"";""
"31/12/2023";"0000";"";"";"";"";"";"";"";"";"";""
"31/12/2023";"1200";"";"";"";"";"";"";"";"";"";""
"31/12/2023";"1800";"";"";"";"";"";"";"";"";"";""
"01/01/2024";"0000";"";"";"";"";"";"";"";"";"";""
"01/01/2024";"1200";"";"";"";"";"";"";"";"";"";""
"01/01/2024";"1800";"";"";"";"";"";"";"";"";"";""